Product,Procedure,Procedure_Short,Procedure_Link
SAS/ACCESS,ACCESS,ACCESS,https://documentation.sas.com/?cdcId=pgmsascdc&cdcVersion=9.4_3.5&docsetId=acreldb&docsetTarget=n100twr3kgqiizn1ru04hlk5gvve.htm&locale=en
SAS/ACCESS,ACCESS for PC Files,ACCESS,https://documentation.sas.com/?cdcId=pgmsascdc&cdcVersion=9.4_3.5&docsetId=acpcref&docsetTarget=p03065z4qjc6qjn1r4xb18k5k8zh.htm&locale=en
SAS/ACCESS,CALLRFC for R/3,CALLRFC,https://documentation.sas.com/?cdcId=pgmsascdc&cdcVersion=9.4_3.5&docsetId=accr3&docsetTarget=n0xlumuutlj19rn1vhrbxhhrnnig.htm&locale=en
SAS/ACCESS,CV2VIEW,CV2VIEW,https://documentation.sas.com/?cdcId=pgmsascdc&cdcVersion=9.4_3.5&docsetId=acreldb&docsetTarget=n124kkvrcon7f2n14jtrakd4mdt2.htm&locale=en
SAS/ACCESS,DB2EXT for z/OS,DB2EXT,https://documentation.sas.com/?cdcId=pgmsascdc&cdcVersion=9.4_3.5&docsetId=acreldb&docsetTarget=n06li1a8p23e73n16aft4hyev4bt.htm&locale=en
SAS/ACCESS,DB2UTIL for z/OS,DB2UTIL,https://documentation.sas.com/?cdcId=pgmsascdc&cdcVersion=9.4_3.5&docsetId=acreldb&docsetTarget=p1dppk6jryjj9bn1rnrema6cadj9.htm&locale=en
SAS/ACCESS,DBF for PC Files,DBF,https://documentation.sas.com/?cdcId=pgmsascdc&cdcVersion=9.4_3.5&docsetId=acpcref&docsetTarget=p1d25ttg3800b8n1nknp159lf8jh.htm&locale=en
SAS/ACCESS,DBF for z/OS,DBF,https://documentation.sas.com/?cdcId=pgmsascdc&cdcVersion=9.4_3.5&docsetId=hosto390&docsetTarget=n0itmojeos06i4n10buns9vkq0kr.htm&locale=en
SAS/ACCESS,DBLOAD,DBLOAD,https://documentation.sas.com/?cdcId=pgmsascdc&cdcVersion=9.4_3.5&docsetId=acreldb&docsetTarget=p06jcnrndv60ran1as0sf09v6zzq.htm&locale=en
SAS/ACCESS,DBLOAD for PC Files,DBLOAD,https://documentation.sas.com/?cdcId=pgmsascdc&cdcVersion=9.4_3.5&docsetId=acpcref&docsetTarget=p1x9fnosggh63dn17fzd5nsiw5sd.htm&locale=en
SAS/ACCESS,DBLOAD for SYSTEM 2000 (z/OS only),DBLOAD,https://documentation.sas.com/?docsetId=acs2k&docsetTarget=n1srsykp3o301yn16ve5co2p2n1z.htm&docsetVersion=9.4
SAS/ACCESS,DIF for PC Files,DIF,https://documentation.sas.com/?cdcId=pgmsascdc&cdcVersion=9.4_3.5&docsetId=acpcref&docsetTarget=p19pae1m54jka9n1hxdl9y12xlwp.htm&locale=en
SAS/ACCESS,QUEST for SYSTEM 2000 (z/OS only),QUEST,https://documentation.sas.com/?docsetId=acs2k&docsetTarget=p1wtzqc3r0jeu9n1pxngh7w5qj08.htm&docsetVersion=9.4
SAS/ACCESS,EXPORT for PC Files,EXPORT,https://documentation.sas.com/?cdcId=pgmsascdc&cdcVersion=9.4_3.5&docsetId=acpcref&docsetTarget=n1pzrpxiqwx4jtn11y9yzagivne8.htm&locale=en
SAS/ACCESS,IMPORT for PC Files,IMPORT,https://documentation.sas.com/?cdcId=pgmsascdc&cdcVersion=9.4_3.5&docsetId=acpcref&docsetTarget=p0mqdq52ktqgjjn1vseqoiuyt3v1.htm&locale=en
SAS/AF,BUILD,BUILD,https://documentation.sas.com/?docsetId=afproc&docsetTarget=n049euismgwq27n144fe25keg698.htm&docsetVersion=9.4&locale=en
Base SAS,APPEND,APPEND,https://documentation.sas.com/?cdcId=pgmsascdc&cdcVersion=9.4_3.5&docsetId=proc&docsetTarget=p1bjrbc5esr90on12o8vs7gyv8ue.htm&locale=en
Base SAS,AUTHLIB,AUTHLIB,https://documentation.sas.com/?cdcId=pgmsascdc&cdcVersion=9.4_3.5&docsetId=proc&docsetTarget=n1o558u7g5ll5jn17l3q7a41eixg.htm&locale=en
Base SAS,CALENDAR,CALENDAR,https://documentation.sas.com/?cdcId=pgmsascdc&cdcVersion=9.4_3.5&docsetId=proc&docsetTarget=n0u0it2gdeuzk6n17i1htff3gmeb.htm&locale=en
Base SAS,CATALOG,CATALOG,https://documentation.sas.com/?cdcId=pgmsascdc&cdcVersion=9.4_3.5&docsetId=proc&docsetTarget=n11st7possem5en1vo07v2nlxg0c.htm&locale=en
Base SAS,CATALOG for UNIX,CATALOG,https://documentation.sas.com/?cdcId=pgmsascdc&cdcVersion=9.4_3.5&docsetId=hostunx&docsetTarget=p170uhv90nn58nn1n3ybxw7di748.htm&locale=en
Base SAS,CATALOG for Windows,CATALOG,https://documentation.sas.com/?cdcId=pgmsascdc&cdcVersion=9.4_3.5&docsetId=hostwin&docsetTarget=n1xi671qh9io8dn1huvy94qcyqda.htm&locale=en
Base SAS,CATALOG for z/OS,CATALOG,https://documentation.sas.com/?cdcId=pgmsascdc&cdcVersion=9.4_3.5&docsetId=hosto390&docsetTarget=n1hau2m3fzpu0nn1qpkleduqwdxy.htm&locale=en
Base SAS,CDISC ODM,CDISC,https://documentation.sas.com/?cdcId=pgmsascdc&cdcVersion=9.4_3.5&docsetId=cdisc&docsetTarget=n0k7tdbvasi9c4n1avtv1htbht01.htm&locale=en
Base SAS,CDISC SDTM,CDISC,https://documentation.sas.com/?cdcId=pgmsascdc&cdcVersion=9.4_3.5&docsetId=cdisc&docsetTarget=n1qn38ymacjh8dn1s2p592giqr5e.htm&locale=en
Base SAS,CHART,CHART,https://documentation.sas.com/?cdcId=pgmsascdc&cdcVersion=9.4_3.5&docsetId=proc&docsetTarget=n106mxnj9wfc80n1umlsyn8g1zld.htm&locale=en
Base SAS,CIMPORT,CIMPORT,https://documentation.sas.com/?cdcId=pgmsascdc&cdcVersion=9.4_3.5&docsetId=proc&docsetTarget=n0sf0mvsb4f076n14i2u82w9z4st.htm&locale=en
Base SAS,CIMPORT for UNIX,CIMPORT,https://documentation.sas.com/?cdcId=pgmsascdc&cdcVersion=9.4_3.5&docsetId=hostunx&docsetTarget=n0tb5kc4bjrb9wn157w34wtatn35.htm&locale=en
Base SAS,CIMPORT for Windows,CIMPORT,https://documentation.sas.com/?cdcId=pgmsascdc&cdcVersion=9.4_3.5&docsetId=hostwin&docsetTarget=p0uga4zv93xmefn17wbrs2e4wssg.htm&locale=en
Base SAS,CIMPORT for z/OS,CIMPORT,https://documentation.sas.com/?cdcId=pgmsascdc&cdcVersion=9.4_3.5&docsetId=hosto390&docsetTarget=n1bm4o7mb9nr1wn1kn98cpn5zgnm.htm&locale=en
Base SAS,COMPARE,COMPARE,https://documentation.sas.com/?cdcId=pgmsascdc&cdcVersion=9.4_3.5&docsetId=proc&docsetTarget=n1nwxbchh5hpu1n1h28kmici2awd.htm&locale=en
Base SAS,CONTENTS,CONTENTS,https://documentation.sas.com/?cdcId=pgmsascdc&cdcVersion=9.4_3.5&docsetId=proc&docsetTarget=n1hqa4dk5tay0an15nrys1iwr5o2.htm&locale=en
Base SAS,CONTENTS for UNIX,CONTENTS,https://documentation.sas.com/?cdcId=pgmsascdc&cdcVersion=9.4_3.5&docsetId=hostunx&docsetTarget=n11w9h53f78rlpn1czaexwlczzb2.htm&locale=en
Base SAS,CONTENTS for Windows,CONTENTS,https://documentation.sas.com/?cdcId=pgmsascdc&cdcVersion=9.4_3.5&docsetId=hostwin&docsetTarget=p02vdgvofvi65sn12xzz2c0qwvc6.htm&locale=en
Base SAS,CONTENTS for z/OS,CONTENTS,https://documentation.sas.com/?cdcId=pgmsascdc&cdcVersion=9.4_3.5&docsetId=hosto390&docsetTarget=n1nya9nd0fuj8mn1y179r44ggup7.htm&locale=en
Base SAS,CONVERT for UNIX,CONVERT,https://documentation.sas.com/?cdcId=pgmsascdc&cdcVersion=9.4_3.5&docsetId=hostunx&docsetTarget=n0eyirzj4uodn2n10f5w7fqneb6q.htm&locale=en
Base SAS,CONVERT for Windows,CONVERT,https://documentation.sas.com/?cdcId=pgmsascdc&cdcVersion=9.4_3.5&docsetId=hostwin&docsetTarget=p0vh4ulcz1mreln1bc0jrg6ccob9.htm&locale=en
Base SAS,CONVERT for z/OS,CONVERT,https://documentation.sas.com/?cdcId=pgmsascdc&cdcVersion=9.4_3.5&docsetId=hosto390&docsetTarget=n1hog69f9mxkrjn1i8k3cyjv5fbe.htm&locale=en
Base SAS,COPY,COPY,https://documentation.sas.com/?cdcId=pgmsascdc&cdcVersion=9.4_3.5&docsetId=proc&docsetTarget=p04y85z9f13uaan10s1k40ptx6gs.htm&locale=en
Base SAS,CORR,CORR,https://documentation.sas.com/?cdcId=pgmsascdc&cdcVersion=9.4_3.5&docsetId=procstat&docsetTarget=procstat_corr_toc.htm&locale=en
Base SAS,CPORT,CPORT,https://documentation.sas.com/?cdcId=pgmsascdc&cdcVersion=9.4_3.5&docsetId=proc&docsetTarget=n1pihdm18p7g5wn1ezqpet80fvw8.htm&locale=en
Base SAS,CPORT for UNIX,CPORT,https://documentation.sas.com/?cdcId=pgmsascdc&cdcVersion=9.4_3.5&docsetId=hostunx&docsetTarget=n06a8f84fgm5wdn1urgad20tls7q.htm&locale=en
Base SAS,CPORT for Windows,CPORT,https://documentation.sas.com/?cdcId=pgmsascdc&cdcVersion=9.4_3.5&docsetId=hostwin&docsetTarget=n0i38sjgt8zl6xn1udfdlj23nw6f.htm&locale=en
Base SAS,CPORT for z/OS,CPORT,https://documentation.sas.com/?cdcId=pgmsascdc&cdcVersion=9.4_3.5&docsetId=hosto390&docsetTarget=n0jkdeb2aomypen1t6r45xpbbsm7.htm&locale=en
Base SAS,DATEKEYS,DATEKEYS,https://documentation.sas.com/?cdcId=pgmsascdc&cdcVersion=9.4_3.5&docsetId=proc&docsetTarget=p02teyw4mikic6n1kkzovv1wn4n4.htm&locale=en
Base SAS,DATASETS,DATASETS,https://documentation.sas.com/?cdcId=pgmsascdc&cdcVersion=9.4_3.5&docsetId=proc&docsetTarget=n1hmips60w5w3yn1hj9klna7aplw.htm&locale=en
Base SAS,DATASETS for UNIX,DATASETS,https://documentation.sas.com/?cdcId=pgmsascdc&cdcVersion=9.4_3.5&docsetId=hostunx&docsetTarget=n0gyolxomgnlf0n1pfymgvxs0yjd.htm&locale=en
Base SAS,DATASETS for Windows,DATASETS,https://documentation.sas.com/?cdcId=pgmsascdc&cdcVersion=9.4_3.5&docsetId=hostwin&docsetTarget=n0yyy9zscyifkln1i8tl75d63a1l.htm&locale=en
Base SAS,DATASETS for z/OS,DATASETS,https://documentation.sas.com/?cdcId=pgmsascdc&cdcVersion=9.4_3.5&docsetId=hosto390&docsetTarget=p1hu5ptb3e3nm7n14mc55a7suvd6.htm&locale=en
Base SAS,DBCSTAB,DBCSTAB,https://documentation.sas.com/?cdcId=pgmsascdc&cdcVersion=9.4_3.5&docsetId=nlsref&docsetTarget=p1cef823ds7xvan11v6abnpy9yv1.htm&locale=en
Base SAS,DELETE,DELETE,https://documentation.sas.com/?cdcId=pgmsascdc&cdcVersion=9.4_3.5&docsetId=proc&docsetTarget=n0g4dpgdbjck3hn15hok6h8hk7n4.htm&locale=en
Base SAS,DISPLAY,DISPLAY,https://documentation.sas.com/?cdcId=pgmsascdc&cdcVersion=9.4_3.5&docsetId=proc&docsetTarget=n1o9ykz8hvs6zgn1s54krllraxj1.htm&locale=en
Base SAS,DOCUMENT,DOCUMENT,https://documentation.sas.com/?cdcId=pgmsascdc&cdcVersion=9.4_3.5&docsetId=odsproc&docsetTarget=n0lzw11swn9gm8n1g6rof0r360wr.htm&locale=en
Base SAS,DS2,DS2,https://documentation.sas.com/?cdcId=pgmsascdc&cdcVersion=9.4_3.5&docsetId=proc&docsetTarget=n0ujllmd28quj5n17r2ibrdya9ld.htm&locale=en
Base SAS,DSTODS2,DSTODS2,https://documentation.sas.com/?cdcId=pgmsascdc&cdcVersion=9.4_3.5&docsetId=proc&docsetTarget=p05qb7pgqun5urn18bahx1vt640s.htm&locale=en
Base SAS,EXPLODE,EXPLODE,http://support.sas.com/documentation/onlinedoc/base/91/explode.pdf
Base SAS,EXPORT,EXPORT,https://documentation.sas.com/?cdcId=pgmsascdc&cdcVersion=9.4_3.5&docsetId=proc&docsetTarget=n045uxf7ll2p5on1ly4at3vpd47e.htm&locale=en
Base SAS,FCMP,FCMP,https://documentation.sas.com/?cdcId=pgmsascdc&cdcVersion=9.4_3.5&docsetId=proc&docsetTarget=p10b4qouzgi6sqn154ipglazix2q.htm&locale=en
Base SAS,FEDSQL,FEDSQL,https://documentation.sas.com/?cdcId=pgmsascdc&cdcVersion=9.4_3.5&docsetId=proc&docsetTarget=p0ahxz9t4dkcucn1uiqa42nbazbh.htm&locale=en
Base SAS,FMTC2ITM,FMTC2ITM,https://documentation.sas.com/?cdcId=pgmsascdc&cdcVersion=9.4_3.5&docsetId=proc&docsetTarget=p1nbzavwbtbkx7n1eqio0qw78ppg.htm&locale=en
Base SAS,FONTREG,FONTREG,https://documentation.sas.com/?cdcId=pgmsascdc&cdcVersion=9.4_3.5&docsetId=proc&docsetTarget=n1exv1ipezugn6n1i2xajdhp7h73.htm&locale=en
Base SAS,FONTREG for z/OS,FONTREG,https://documentation.sas.com/?cdcId=pgmsascdc&cdcVersion=9.4_3.5&docsetId=hosto390&docsetTarget=p1n32kuoihcoksn1uqodk38irn9q.htm&locale=en
Base SAS,FORMAT,FORMAT,https://documentation.sas.com/?cdcId=pgmsascdc&cdcVersion=9.4_3.5&docsetId=proc&docsetTarget=p1xidhqypi0fnwn1if8opjpqpbmn.htm&locale=en
Base SAS,FORMAT for z/OS,FORMAT,https://documentation.sas.com/?cdcId=pgmsascdc&cdcVersion=9.4_3.5&docsetId=hosto390&docsetTarget=p04gooqdeg4376n1jmciedpb8ezw.htm&locale=en
Base SAS,FORMS,FORMS,http://support.sas.com/documentation/onlinedoc/base/91/forms.pdf
Base SAS,FREQ,FREQ,https://documentation.sas.com/?cdcId=pgmsascdc&cdcVersion=9.4_3.5&docsetId=procstat&docsetTarget=procstat_freq_toc.htm&locale=en
Base SAS,FSLIST,FSLIST,https://documentation.sas.com/?cdcId=pgmsascdc&cdcVersion=9.4_3.5&docsetId=proc&docsetTarget=p0741oltq15iiin12q008vn5av0d.htm&locale=en
Base SAS,GEOCODE,GEOCODE,https://documentation.sas.com/?cdcId=pgmsascdc&cdcVersion=9.4_3.5&docsetId=grmapref&docsetTarget=p087i29802bnfgn1qn9isdqzde0h.htm&locale=en
Base SAS,GROOVY,GROOVY,https://documentation.sas.com/?cdcId=pgmsascdc&cdcVersion=9.4_3.5&docsetId=proc&docsetTarget=n12njw2j3tuptnn1bmmr0cl857d2.htm&locale=en
Base SAS,HADOOP,HADOOP,https://documentation.sas.com/?cdcId=pgmsascdc&cdcVersion=9.4_3.5&docsetId=proc&docsetTarget=p0esxx8qmpi2p8n1mdmwn1al94a7.htm&locale=en
Base SAS,HDMD,HDMD,https://documentation.sas.com/?cdcId=pgmsascdc&cdcVersion=9.4_3.5&docsetId=proc&docsetTarget=n1dcs5eoris8vin1bvordzcptei1.htm&locale=en
Base SAS,HTTP,HTTP,https://documentation.sas.com/?cdcId=pgmsascdc&cdcVersion=9.4_3.5&docsetId=proc&docsetTarget=n0bdg5vmrpyi7jn1pbgbje2atoov.htm&locale=en
Base SAS,IMPORT,IMPORT,https://documentation.sas.com/?cdcId=pgmsascdc&cdcVersion=9.4_3.5&docsetId=proc&docsetTarget=n1qn5sclnu2l9dn1w61ifw8wqhts.htm&locale=en
Base SAS,INFOMAPS,INFOMAPS,https://documentation.sas.com/?cdcId=pgmsascdc&cdcVersion=9.4_3.5&docsetId=engimap&docsetTarget=n1h56hqb2uofwrn1pj55xnqyp6o9.htm&locale=en
Base SAS,ITEMS,ITEMS,https://documentation.sas.com/?cdcId=pgmsascdc&cdcVersion=9.4_3.5&docsetId=hosto390&docsetTarget=p1gzwi1vng6043n1quap87xh5l7m.htm&locale=en
Base SAS,JAVAINFO,JAVAINFO,https://documentation.sas.com/?cdcId=pgmsascdc&cdcVersion=9.4_3.5&docsetId=proc&docsetTarget=p0vct8p2qp94nfn15kpp662lbg0t.htm&locale=en
Base SAS,JSON,JSON,https://documentation.sas.com/?cdcId=pgmsascdc&cdcVersion=9.4_3.5&docsetId=proc&docsetTarget=p0ie4bw6967jg6n1iu629d40f0by.htm&locale=en
Base SAS,LOCALEDATA,LOCALEDATA,https://documentation.sas.com/?cdcId=pgmsascdc&cdcVersion=9.4_3.5&docsetId=nlsref&docsetTarget=p1acx19u1i322en17hnkz72x6xhf.htm&locale=en
Base SAS,LUA,LUA,https://documentation.sas.com/?cdcId=pgmsascdc&cdcVersion=9.4_3.5&docsetId=proc&docsetTarget=n1w8nl91tml15dn1mw9p5l8oj6hy.htm&locale=en
Base SAS,MAPIMPORT,MAPIMPORT,https://documentation.sas.com/?cdcId=pgmsascdc&cdcVersion=9.4_3.5&docsetId=grmapref&docsetTarget=p0qsj9oazola04n10usle21dvk67.htm&locale=en
Base SAS,MEANS,MEANS,https://documentation.sas.com/?cdcId=pgmsascdc&cdcVersion=9.4_3.5&docsetId=proc&docsetTarget=p0f0fjpjeuco4gn1ri963f683mi4.htm&locale=en
Base SAS,METADATA,METADATA,https://documentation.sas.com/?cdcId=pgmsascdc&cdcVersion=9.4_3.5&docsetId=lrmeta&docsetTarget=p0x3vb146tx931n1olxsy430zepl.htm&locale=en
Base SAS,METALIB,METALIB,https://documentation.sas.com/?cdcId=pgmsascdc&cdcVersion=9.4_3.5&docsetId=lrmeta&docsetTarget=p1cqb9ofazns8pn1by7t2smnimsf.htm&locale=en
Base SAS,METAOPERATE,METAOPERATE,https://documentation.sas.com/?cdcId=pgmsascdc&cdcVersion=9.4_3.5&docsetId=lrmeta&docsetTarget=n05pw8n92g1iv7n1q90qial32zgo.htm&locale=en
Base SAS,MIGRATE,MIGRATE,https://documentation.sas.com/?cdcId=pgmsascdc&cdcVersion=9.4_3.5&docsetId=proc&docsetTarget=p1kv04orx2cy03n1urntor37gzkz.htm&locale=en
Base SAS,ODSLIST,ODSLIST,https://documentation.sas.com/?cdcId=pgmsascdc&cdcVersion=9.4_3.5&docsetId=odsproc&docsetTarget=p1a0n4hn6cy1con1tgfr4sjpjng0.htm&locale=en
Base SAS,ODSTABLE,ODSTABLE,https://documentation.sas.com/?cdcId=pgmsascdc&cdcVersion=9.4_3.5&docsetId=odsproc&docsetTarget=n1olg2oeqi9r5rn1racah27f1ow8.htm&locale=en
Base SAS,ODSTEXT,ODSTEXT,https://documentation.sas.com/?cdcId=pgmsascdc&cdcVersion=9.4_3.5&docsetId=odsproc&docsetTarget=p01vqfrzpxj3bgn1x9elf98takez.htm&locale=en
Base SAS,OPTIONS,OPTIONS,https://documentation.sas.com/?cdcId=pgmsascdc&cdcVersion=9.4_3.5&docsetId=proc&docsetTarget=p1kwrbpvinbd5bn1cpha9brh92eg.htm&locale=en
Base SAS,OPTIONS for UNIX,OPTIONS,https://documentation.sas.com/?cdcId=pgmsascdc&cdcVersion=9.4_3.5&docsetId=hostunx&docsetTarget=n1txqhztz39mwnn1kqkw869nf54x.htm&locale=en
Base SAS,OPTIONS for Windows,OPTIONS,https://documentation.sas.com/?cdcId=pgmsascdc&cdcVersion=9.4_3.5&docsetId=hostwin&docsetTarget=n09dp03czlc0yen1mcihrofo6a7n.htm&locale=en
Base SAS,OPTIONS for z/OS,OPTIONS,https://documentation.sas.com/?cdcId=pgmsascdc&cdcVersion=9.4_3.5&docsetId=hosto390&docsetTarget=p1rg6hydxdf01an16ojyayc5ndiz.htm&locale=en
Base SAS,OPTLOAD,OPTLOAD,https://documentation.sas.com/?cdcId=pgmsascdc&cdcVersion=9.4_3.5&docsetId=proc&docsetTarget=n0g8uu2ht7cuqwn1cyxwxed66gin.htm&locale=en
Base SAS,OPTSAVE,OPTSAVE,https://documentation.sas.com/?cdcId=pgmsascdc&cdcVersion=9.4_3.5&docsetId=proc&docsetTarget=n0rmbvyiga95zcn1mrmt10xkrobu.htm&locale=en
Base SAS,PDS,PDS,https://documentation.sas.com/?cdcId=pgmsascdc&cdcVersion=9.4_3.5&docsetId=hosto390&docsetTarget=p1xb8l8wt5yhtun1x5k0cxwob5ib.htm&locale=en
Base SAS,PDSCOPY,PDSCOPY,https://documentation.sas.com/?cdcId=pgmsascdc&cdcVersion=9.4_3.5&docsetId=hosto390&docsetTarget=n0br8tv8l8tg00n1c6bjbc3jetcy.htm&locale=en
Base SAS,PLOT,PLOT,https://documentation.sas.com/?cdcId=pgmsascdc&cdcVersion=9.4_3.5&docsetId=proc&docsetTarget=n1rhy6p08vm8tjn1wng1w0geivgu.htm&locale=en
Base SAS,PMENU,PMENU,https://documentation.sas.com/?cdcId=pgmsascdc&cdcVersion=9.4_3.5&docsetId=proc&docsetTarget=p12fiom5fbp7mjn12ezd20neooi0.htm&locale=en
Base SAS,PMENU for UNIX,PMENU,https://documentation.sas.com/?cdcId=pgmsascdc&cdcVersion=9.4_3.5&docsetId=hostunx&docsetTarget=n08488t5gh4is2n12ou9oa1u5um3.htm&locale=en
Base SAS,PMENU for Windows,PMENU,https://documentation.sas.com/?cdcId=pgmsascdc&cdcVersion=9.4_3.5&docsetId=hostwin&docsetTarget=p0w80urdaicm0nn196u6rlro8908.htm&locale=en
Base SAS,PMENU for z/OS,PMENU,https://documentation.sas.com/?cdcId=pgmsascdc&cdcVersion=9.4_3.5&docsetId=hosto390&docsetTarget=n0cavll8e1d6pdn1dum713bpq6s3.htm&locale=en
Base SAS,PRESENV,PRESENV,https://documentation.sas.com/?cdcId=pgmsascdc&cdcVersion=9.4_3.5&docsetId=proc&docsetTarget=n13azfbxpniv2zn13ozu2zp8uvqk.htm&locale=en
Base SAS,PRINT,PRINT,https://documentation.sas.com/?cdcId=pgmsascdc&cdcVersion=9.4_3.5&docsetId=proc&docsetTarget=p10qiuo2yicr4qn17rav8kptnjpu.htm&locale=en
Base SAS,PRINT for z/OS,PRINT,https://documentation.sas.com/?cdcId=pgmsascdc&cdcVersion=9.4_3.5&docsetId=hosto390&docsetTarget=n0xcbdr240a7hcn1q7inzq3g0g4l.htm&locale=en
Base SAS,PRINTTO,PRINTTO,https://documentation.sas.com/?cdcId=pgmsascdc&cdcVersion=9.4_3.5&docsetId=proc&docsetTarget=p08blwp6gwk25mn1hypjjrncx3bn.htm&locale=en
Base SAS,PRINTTO for UNIX,PRINTTO,https://documentation.sas.com/?cdcId=pgmsascdc&cdcVersion=9.4_3.5&docsetId=hostunx&docsetTarget=n17bp001b9i7scn0zvbx3jar94kb.htm&locale=en
Base SAS,PRINTTO for Windows,PRINTTO,https://documentation.sas.com/?cdcId=pgmsascdc&cdcVersion=9.4_3.5&docsetId=hostwin&docsetTarget=p1pztho7myptytn1cqnsjgs0k6b3.htm&locale=en
Base SAS,PRINTTO for z/OS,PRINTTO,https://documentation.sas.com/?cdcId=pgmsascdc&cdcVersion=9.4_3.5&docsetId=hosto390&docsetTarget=n19ubkreex8wx1n1dsv0zly9z92q.htm&locale=en
Base SAS,PRODUCT_STATUS,PRODUCT_STATUS,https://documentation.sas.com/?cdcId=pgmsascdc&cdcVersion=9.4_3.5&docsetId=proc&docsetTarget=p167ky4zsoxrn2n1myz6iisao1wc.htm&locale=en
Base SAS,PROTO,PROTO,https://documentation.sas.com/?cdcId=pgmsascdc&cdcVersion=9.4_3.5&docsetId=proc&docsetTarget=n1dg2tevuowahrn16n6f9o7j7vm4.htm&locale=en
Base SAS,PRTDEF,PRTDEF,https://documentation.sas.com/?cdcId=pgmsascdc&cdcVersion=9.4_3.5&docsetId=proc&docsetTarget=n129shvpsowv7an1e4eklmmf68p7.htm&locale=en
Base SAS,PRTEXP,PRTEXP,https://documentation.sas.com/?cdcId=pgmsascdc&cdcVersion=9.4_3.5&docsetId=proc&docsetTarget=n1xehxf82gh019n1w77kd1sifrpb.htm&locale=en
Base SAS,PWENCODE,PWENCODE,https://documentation.sas.com/?cdcId=pgmsascdc&cdcVersion=9.4_3.5&docsetId=proc&docsetTarget=n1vzmasf0tdebfn1xec0k1tevq7q.htm&locale=en
Base SAS,QDEVICE,QDEVICE,https://documentation.sas.com/?cdcId=pgmsascdc&cdcVersion=9.4_3.5&docsetId=proc&docsetTarget=n0cg3x9vvneb5wn1j5fk615wcubp.htm&locale=en
Base SAS,RANK,RANK,https://documentation.sas.com/?cdcId=pgmsascdc&cdcVersion=9.4_3.5&docsetId=proc&docsetTarget=p0le3p5ngj1zlbn1mh3tistq9t76.htm&locale=en
Base SAS,REGISTRY,REGISTRY,https://documentation.sas.com/?cdcId=pgmsascdc&cdcVersion=9.4_3.5&docsetId=proc&docsetTarget=p0dakeryjykv6rn1x83x60323cz3.htm&locale=en
Base SAS,RELEASE,RELEASE,https://documentation.sas.com/?cdcId=pgmsascdc&cdcVersion=9.4_3.5&docsetId=hosto390&docsetTarget=n1wffwmdslblpln1fhqq2dkad5ew.htm&locale=en
Base SAS,REPORT,REPORT,https://documentation.sas.com/?cdcId=pgmsascdc&cdcVersion=9.4_3.5&docsetId=proc&docsetTarget=p0bqogcics9o4xn17yvt2qjbgdpi.htm&locale=en
Base SAS,S3,S3,https://documentation.sas.com/?cdcId=pgmsascdc&cdcVersion=9.4_3.5&docsetId=proc&docsetTarget=n1h9c1jnr8v8nwn1l6g83kyne5ds.htm&locale=en
Base SAS,SCAPROC,SCAPROC,https://documentation.sas.com/?cdcId=pgmsascdc&cdcVersion=9.4_3.5&docsetId=proc&docsetTarget=n05aazp6jtoup0n1qjee3h7jto24.htm&locale=en
Base SAS,SCOREACCEL,SCOREACCEL,https://documentation.sas.com/?cdcId=pgmsascdc&cdcVersion=9.4_3.5&docsetId=proc&docsetTarget=p05rmiw27grg9qn1fpffnyvfeoza.htm&locale=en
Base SAS,SGDESIGN,SGDESIGN,https://documentation.sas.com/?cdcId=pgmsascdc&cdcVersion=9.4_3.5&docsetId=grstatproc&docsetTarget=n0p9wopcnykhjcn0zk3vdxp55i3k.htm&locale=en
Base SAS,SGMAP,SGMAP,https://documentation.sas.com/?cdcId=pgmsascdc&cdcVersion=9.4_3.5&docsetId=grmapref&docsetTarget=n18zwxj3couxmgn161trks2usk2v.htm&locale=en
Base SAS,SGPANEL,SGPANEL,https://documentation.sas.com/?cdcId=pgmsascdc&cdcVersion=9.4_3.5&docsetId=grstatproc&docsetTarget=n0zgx9a7en0g5vn1tjpja6sxdiwr.htm&locale=en
Base SAS,SGPIE,SGPIE,https://documentation.sas.com/?cdcId=pgmsascdc&cdcVersion=9.4_3.5&docsetId=grstatproc&docsetTarget=n11xqf2g2rxnmbn1pgk4rbl5vz80.htm&locale=en
Base SAS,SGPLOT,SGPLOT,https://documentation.sas.com/?cdcId=pgmsascdc&cdcVersion=9.4_3.5&docsetId=grstatproc&docsetTarget=n0yjdd910dh59zn1toodgupaj4v9.htm&locale=en
Base SAS,SGRENDER,SGRENDER,https://documentation.sas.com/?cdcId=pgmsascdc&cdcVersion=9.4_3.5&docsetId=grstatproc&docsetTarget=n131vj4eka12zpn1iwbqufke8l4z.htm&locale=en
Base SAS,SGSCATTER,SGSCATTER,https://documentation.sas.com/?cdcId=pgmsascdc&cdcVersion=9.4_3.5&docsetId=grstatproc&docsetTarget=n1je1qlb5bvtypn1rhbeyqw5h9rc.htm&locale=en
Base SAS,SOAP,SOAP,https://documentation.sas.com/?cdcId=pgmsascdc&cdcVersion=9.4_3.5&docsetId=proc&docsetTarget=n0vft359cr5yyon15n7b6zvrv102.htm&locale=en
Base SAS,SORT,SORT,https://documentation.sas.com/?cdcId=pgmsascdc&cdcVersion=9.4_3.5&docsetId=proc&docsetTarget=p1nd17xr6wof4sn19zkmid81p926.htm&locale=en
Base SAS,SORT for UNIX,SORT,https://documentation.sas.com/?cdcId=pgmsascdc&cdcVersion=9.4_3.5&docsetId=hostunx&docsetTarget=n1svfqjvm6a2sfn1abq0g48bhymm.htm&locale=en
Base SAS,SORT for Windows,SORT,https://documentation.sas.com/?cdcId=pgmsascdc&cdcVersion=9.4_3.5&docsetId=hostwin&docsetTarget=chsortfstart.htm&locale=en
Base SAS,SORT for z/OS,SORT,https://documentation.sas.com/?cdcId=pgmsascdc&cdcVersion=9.4_3.5&docsetId=hosto390&docsetTarget=p1uc72v16fpitun1mirsdqy1rfvm.htm&locale=en
Base SAS,SOURCE,SOURCE,https://documentation.sas.com/?cdcId=pgmsascdc&cdcVersion=9.4_3.5&docsetId=hosto390&docsetTarget=n0zi363n2s7wx4n16wm24jagfnvh.htm&locale=en
Base SAS,SQL,SQL,https://documentation.sas.com/?cdcId=pgmsascdc&cdcVersion=9.4_3.5&docsetId=sqlproc&docsetTarget=n1oihmdy7om5rmn1aorxui3kxizl.htm&locale=en
Base SAS,SQOOP,SQOOP,https://documentation.sas.com/?cdcId=pgmsascdc&cdcVersion=9.4_3.5&docsetId=proc&docsetTarget=n0rzt2lqe7u5asn1p77edgvicl49.htm&locale=en
Base SAS,STANDARD,STANDARD,https://documentation.sas.com/?cdcId=pgmsascdc&cdcVersion=9.4_3.5&docsetId=proc&docsetTarget=p1baz760758nn2n1arzklv8yrbhw.htm&locale=en
Base SAS,STREAM,STREAM,https://documentation.sas.com/?cdcId=pgmsascdc&cdcVersion=9.4_3.5&docsetId=proc&docsetTarget=p06pqn7v5nkz02n0zkpq7832j1yp.htm&locale=en
Base SAS,SUMMARY,SUMMARY,https://documentation.sas.com/?cdcId=pgmsascdc&cdcVersion=9.4_3.5&docsetId=proc&docsetTarget=p0aq3hsvflztfzn1xa2wt6s35oy6.htm&locale=en
Base SAS,TABULATE,TABULATE,https://documentation.sas.com/?cdcId=pgmsascdc&cdcVersion=9.4_3.5&docsetId=proc&docsetTarget=n00yutbvvckjwrn1ldg5xkvjy1pu.htm&locale=en
Base SAS,TAPECOPY,TAPECOPY,https://documentation.sas.com/?cdcId=pgmsascdc&cdcVersion=9.4_3.5&docsetId=hosto390&docsetTarget=p0dszggm2x41tnn1q1vcydnj44d3.htm&locale=en
Base SAS,TAPELABEL,TAPELABEL,https://documentation.sas.com/?cdcId=pgmsascdc&cdcVersion=9.4_3.5&docsetId=hosto390&docsetTarget=n0rjiii564su45n1rb4dx3htkd41.htm&locale=en
Base SAS,TEMPLATE: Crosstabulation Templates,TEMPLATE,https://documentation.sas.com/?cdcId=pgmsascdc&cdcVersion=9.4_3.5&docsetId=odsproc&docsetTarget=n0rmo3m8alfmb4n10poae7xh6481.htm&locale=en
Base SAS,TEMPLATE: Managing Template Stores,TEMPLATE,https://documentation.sas.com/?cdcId=pgmsascdc&cdcVersion=9.4_3.5&docsetId=odsproc&docsetTarget=p1eqi2walqtay0n1ak3r9aoqocl6.htm&locale=en
Base SAS,TEMPLATE: ODS Graphics,TEMPLATE,https://documentation.sas.com/?cdcId=pgmsascdc&cdcVersion=9.4_3.5&docsetId=odsproc&docsetTarget=p1d4169orimb64n1iqm2sqrxm0nl.htm&locale=en
Base SAS,TEMPLATE: Style Templates,TEMPLATE,https://documentation.sas.com/?cdcId=pgmsascdc&cdcVersion=9.4_3.5&docsetId=odsproc&docsetTarget=p0cgtsocrm3ei3n1uqw9v4mbswkh.htm&locale=en
Base SAS,TEMPLATE: Tabular Templates,TEMPLATE,https://documentation.sas.com/?cdcId=pgmsascdc&cdcVersion=9.4_3.5&docsetId=odsproc&docsetTarget=p0d6f8o2geh12hn1v9ligv5v99yf.htm&locale=en
Base SAS,TEMPLATE: Tagsets,TEMPLATE,https://documentation.sas.com/?cdcId=pgmsascdc&cdcVersion=9.4_3.5&docsetId=odsproc&docsetTarget=n0uth88xe44fakn13qt53s1dn2vj.htm&locale=en
Base SAS,TIMEPLOT,TIMEPLOT,https://documentation.sas.com/?cdcId=pgmsascdc&cdcVersion=9.4_3.5&docsetId=proc&docsetTarget=n0ha24w0km8irtn1fkdz2ickb0fe.htm&locale=en
Base SAS,TRANSPOSE,TRANSPOSE,https://documentation.sas.com/?cdcId=pgmsascdc&cdcVersion=9.4_3.5&docsetId=proc&docsetTarget=n1xno5xgs39b70n0zydov0owajj8.htm&locale=en
Base SAS,TRANTAB,TRANTAB,https://documentation.sas.com/?cdcId=pgmsascdc&cdcVersion=9.4_3.5&docsetId=nlsref&docsetTarget=p140vpknze29j0n1rbfs5fcxemu3.htm&locale=en
Base SAS,UNIVARIATE,UNIVARIATE,https://documentation.sas.com/?cdcId=pgmsascdc&cdcVersion=9.4_3.5&docsetId=procstat&docsetTarget=procstat_univariate_toc.htm&locale=en
Base SAS,XSL,XSL,https://documentation.sas.com/?cdcId=pgmsascdc&cdcVersion=9.4_3.5&docsetId=proc&docsetTarget=p0ypu917haaeizn1nmje9zskuxg6.htm&locale=en
Base SAS High-Performance Procedures,HPBIN,HPBIN,https://documentation.sas.com/?cdcId=pgmsascdc&cdcVersion=9.4_3.5&docsetId=prochp&docsetTarget=prochp_hpbin_toc.htm&locale=en
Base SAS High-Performance Procedures,HPCORR,HPCORR,https://documentation.sas.com/?cdcId=pgmsascdc&cdcVersion=9.4_3.5&docsetId=prochp&docsetTarget=prochp_hpcorr_toc.htm&locale=en
Base SAS High-Performance Procedures,HPDMDB,HPDMDB,https://documentation.sas.com/?cdcId=pgmsascdc&cdcVersion=9.4_3.5&docsetId=prochp&docsetTarget=prochp_hpdmdb_toc.htm&locale=en
Base SAS High-Performance Procedures,HPDS2,HPDS2,https://documentation.sas.com/?cdcId=pgmsascdc&cdcVersion=9.4_3.5&docsetId=prochp&docsetTarget=prochp_hpds2_toc.htm&locale=en
Base SAS High-Performance Procedures,HPIMPUTE,HPIMPUTE,https://documentation.sas.com/?cdcId=pgmsascdc&cdcVersion=9.4_3.5&docsetId=prochp&docsetTarget=prochp_hpimpute_toc.htm&locale=en
Base SAS High-Performance Procedures,HPSAMPLE,HPSAMPLE,https://documentation.sas.com/?cdcId=pgmsascdc&cdcVersion=9.4_3.5&docsetId=prochp&docsetTarget=prochp_hpsample_toc.htm&locale=en
Base SAS High-Performance Procedures,HPSUMMARY,HPSUMMARY,https://documentation.sas.com/?cdcId=pgmsascdc&cdcVersion=9.4_3.5&docsetId=prochp&docsetTarget=prochp_hpsummary_toc.htm&locale=en
SAS Cloud Analytic Services,CAS,CAS,https://documentation.sas.com/?cdcId=pgmsascdc&cdcVersion=9.4_3.5&docsetId=proccas&docsetTarget=n1gq4olyaoyw7kn1g4hvz6gyoxoj.htm&locale=en
SAS Cloud Analytic Services,CASUTIL,CASUTIL,https://documentation.sas.com/?cdcId=pgmsascdc&cdcVersion=9.4_3.5&docsetId=casref&docsetTarget=p1momv516ndlt7n1vhgva4urpuk6.htm&locale=en
SAS Cloud Analytic Services,FMTC2ITM,FMTC2ITM,https://documentation.sas.com/?cdcId=pgmsascdc&cdcVersion=9.4_3.5&docsetId=proc&docsetTarget=p1nbzavwbtbkx7n1eqio0qw78ppg.htm&locale=en
SAS Cloud Analytic Services,MDSUMMARY,MDSUMMARY,https://documentation.sas.com/?cdcId=pgmsascdc&cdcVersion=9.4_3.5&docsetId=casref&docsetTarget=n11ya1chrkoyykn17iewtol63xtx.htm&locale=en
SAS/CONNECT,DOWNLOAD,DOWNLOAD,https://documentation.sas.com/?cdcId=pgmsascdc&cdcVersion=9.4_3.5&docsetId=connref&docsetTarget=n1cizhpjm3sk4gn1ar64ccshws62.htm&locale=en
SAS/CONNECT,DOWNLOAD,DOWNLOAD,https://documentation.sas.com/?cdcId=pgmsascdc&cdcVersion=9.4_3.5&docsetId=viyaconnref&docsetTarget=n0201j3ph2d2xvn1dzy66fb9tnc8.htm
SAS/CONNECT,UPLOAD,UPLOAD,https://documentation.sas.com/?cdcId=pgmsascdc&cdcVersion=9.4_3.5&docsetId=connref&docsetTarget=n1vaverm2ole11n1j6q0qg3qtz5g.htm&locale=en
SAS/CONNECT,UPLOAD,UPLOAD,https://documentation.sas.com/?cdcId=pgmsascdc&cdcVersion=9.4_3.5&docsetId=viyaconnref&docsetTarget=p1fomu79jj84ipn10wltbbed6srk.htm
SAS Data Quality Server,DMSRVADM,DMSRVADM,https://documentation.sas.com/?cdcId=pgmsascdc&cdcVersion=9.4_3.5&docsetId=dqclref&docsetTarget=n15nsfihbjr1h6n1d76y8l1ua7n7.htm&locale=en
SAS Data Quality Server,DMSRVDATASVC,DMSRVDATASVC,https://documentation.sas.com/?cdcId=pgmsascdc&cdcVersion=9.4_3.5&docsetId=dqclref&docsetTarget=n1osmfep1syc3in1w9r7ms8zmo25.htm&locale=en
SAS Data Quality Server,DMSRVPROCESSSVC,DMSRVPROCESSSVC,https://documentation.sas.com/?cdcId=pgmsascdc&cdcVersion=9.4_3.5&docsetId=dqclref&docsetTarget=p0d6fevr1x4sbfn1suakm35p488i.htm&locale=en
SAS Data Quality Server,DQLOCLST,DQLOCLST,https://documentation.sas.com/?cdcId=pgmsascdc&cdcVersion=9.4_3.5&docsetId=dqclref&docsetTarget=n0n3ecvxq8pkfan1vpadv4kfx6cy.htm&locale=en
SAS Data Quality Server,DQMATCH,DQMATCH,https://documentation.sas.com/?cdcId=pgmsascdc&cdcVersion=9.4_3.5&docsetId=dqclref&docsetTarget=n1qx8v350g506kn1j1xlnm0v303h.htm&locale=en
SAS Data Quality Server,DQSCHEME,DQSCHEME,https://documentation.sas.com/?cdcId=pgmsascdc&cdcVersion=9.4_3.5&docsetId=dqclref&docsetTarget=n1ix4dy79b76brn1jca5jxbaexen.htm&locale=en
SAS Econometrics,CARIMA,CARIMA,https://documentation.sas.com/?cdcId=pgmsascdc&cdcVersion=9.4_3.5&docsetId=casecon&docsetTarget=casecon_carima_toc.htm&locale=en
SAS Econometrics,CCDM,CCDM,https://documentation.sas.com/?cdcId=pgmsascdc&cdcVersion=9.4_3.5&docsetId=casecon&docsetTarget=casecon_ccdm_toc.htm&locale=en
SAS Econometrics,CCOPULA,CCOPULA,https://documentation.sas.com/?cdcId=pgmsascdc&cdcVersion=9.4_3.5&docsetId=casecon&docsetTarget=casecon_ccopula_toc.htm&locale=en
SAS Econometrics,CESM,CESM,https://documentation.sas.com/?cdcId=pgmsascdc&cdcVersion=9.4_3.5&docsetId=casecon&docsetTarget=casecon_cesm_toc.htm&locale=en
SAS Econometrics,CNTSELECT,CNTSELECT,https://documentation.sas.com/?cdcId=pgmsascdc&cdcVersion=9.4_3.5&docsetId=casecon&docsetTarget=casecon_cntselect_toc.htm&locale=en
SAS Econometrics,CPANEL,CPANEL,https://documentation.sas.com/?cdcId=pgmsascdc&cdcVersion=9.4_3.5&docsetId=casecon&docsetTarget=casecon_cpanel_toc.htm&locale=en
SAS Econometrics,CQLIM,CQLIM,https://documentation.sas.com/?cdcId=pgmsascdc&cdcVersion=9.4_3.5&docsetId=casecon&docsetTarget=casecon_cqlim_toc.htm&locale=en
SAS Econometrics,CSPATIALREG,CSPATIALREG,https://documentation.sas.com/?cdcId=pgmsascdc&cdcVersion=9.4_3.5&docsetId=casecon&docsetTarget=casecon_cspatialreg_toc.htm&locale=en
SAS Econometrics,ECM,ECM,https://documentation.sas.com/?cdcId=pgmsascdc&cdcVersion=9.4_3.5&docsetId=casecon&docsetTarget=casecon_ecm_toc.htm&locale=en
SAS Econometrics,HMM,HMM,https://documentation.sas.com/?cdcId=pgmsascdc&cdcVersion=9.4_3.5&docsetId=casecon&docsetTarget=casecon_hmm_toc.htm&locale=en
SAS Econometrics,SEVSELECT,SEVSELECT,https://documentation.sas.com/?cdcId=pgmsascdc&cdcVersion=9.4_3.5&docsetId=casecon&docsetTarget=casecon_sevselect_toc.htm&locale=en
SAS Econometrics,TSINFO,TSINFO,https://documentation.sas.com/?cdcId=pgmsascdc&cdcVersion=9.4_3.5&docsetId=casecon&docsetTarget=casecon_tsinfo_toc.htm&locale=en
SAS Econometrics,TSMODEL,TSMODEL,https://documentation.sas.com/?cdcId=pgmsascdc&cdcVersion=9.4_3.5&docsetId=casecon&docsetTarget=casecon_tsmodel_toc.htm&locale=en
SAS Enterprise Miner High-Performance Procedures,HP4SCORE,HP4SCORE,https://documentation.sas.com/?cdcId=pgmsascdc&cdcVersion=9.4_3.5&docsetId=emhpprcref&docsetTarget=emhpprcref_hp4score_toc.htm&locale=en
SAS Enterprise Miner High-Performance Procedures,HPBNET,HPBNET,https://documentation.sas.com/?cdcId=pgmsascdc&cdcVersion=9.4_3.5&docsetId=emhpprcref&docsetTarget=emhpprcref_hpbnet_toc.htm&locale=en
SAS Enterprise Miner High-Performance Procedures,HPCLUS,HPCLUS,https://documentation.sas.com/?cdcId=pgmsascdc&cdcVersion=9.4_3.5&docsetId=emhpprcref&docsetTarget=emhpprcref_hpclus_toc.htm&locale=en
SAS Enterprise Miner High-Performance Procedures,HPDECIDE,HPDECIDE,https://documentation.sas.com/?cdcId=pgmsascdc&cdcVersion=9.4_3.5&docsetId=emhpprcref&docsetTarget=emhpprcref_hpdecide_toc.htm&locale=en
SAS Enterprise Miner High-Performance Procedures,HPFOREST,HPFOREST,https://documentation.sas.com/?cdcId=pgmsascdc&cdcVersion=9.4_3.5&docsetId=emhpprcref&docsetTarget=emhpprcref_hpforest_toc.htm&locale=en
SAS Enterprise Miner High-Performance Procedures,HPNEURAL,HPNEURAL,https://documentation.sas.com/?cdcId=pgmsascdc&cdcVersion=9.4_3.5&docsetId=emhpprcref&docsetTarget=emhpprcref_hpneural_toc.htm&locale=en
SAS Enterprise Miner High-Performance Procedures,HPREDUCE,HPREDUCE,https://documentation.sas.com/?cdcId=pgmsascdc&cdcVersion=9.4_3.5&docsetId=emhpprcref&docsetTarget=emhpprcref_hpreduce_toc.htm&locale=en
SAS Enterprise Miner High-Performance Procedures,HPSVM,HPSVM,https://documentation.sas.com/?cdcId=pgmsascdc&cdcVersion=9.4_3.5&docsetId=emhpprcref&docsetTarget=emhpprcref_hpsvm_toc.htm&locale=en
SAS/ETS,ARIMA,ARIMA,https://documentation.sas.com/?cdcId=pgmsascdc&cdcVersion=9.4_3.5&docsetId=etsug&docsetTarget=etsug_arima_toc.htm&locale=en
SAS/ETS,AUTOREG,AUTOREG,https://documentation.sas.com/?cdcId=pgmsascdc&cdcVersion=9.4_3.5&docsetId=etsug&docsetTarget=etsug_autoreg_toc.htm&locale=en
SAS/ETS,COMPUTAB,COMPUTAB,https://documentation.sas.com/?cdcId=pgmsascdc&cdcVersion=9.4_3.5&docsetId=etsug&docsetTarget=etsug_computab_toc.htm&locale=en
SAS/ETS,COPULA,COPULA,https://documentation.sas.com/?cdcId=pgmsascdc&cdcVersion=9.4_3.5&docsetId=etsug&docsetTarget=etsug_copula_toc.htm&locale=en
SAS/ETS,COUNTREG,COUNTREG,https://documentation.sas.com/?cdcId=pgmsascdc&cdcVersion=9.4_3.5&docsetId=etsug&docsetTarget=etsug_countreg_toc.htm&locale=en
SAS/ETS,DATASOURCE,DATASOURCE,https://documentation.sas.com/?cdcId=pgmsascdc&cdcVersion=9.4_3.5&docsetId=etsug&docsetTarget=etsug_datasrc_toc.htm&locale=en
SAS/ETS,ENTROPY,ENTROPY,https://documentation.sas.com/?cdcId=pgmsascdc&cdcVersion=9.4_3.5&docsetId=etsug&docsetTarget=etsug_entropy_toc.htm&locale=en
SAS/ETS,ESM,ESM,https://documentation.sas.com/?cdcId=pgmsascdc&cdcVersion=9.4_3.5&docsetId=etsug&docsetTarget=etsug_esm_toc.htm&locale=en
SAS/ETS,EXPAND,EXPAND,https://documentation.sas.com/?cdcId=pgmsascdc&cdcVersion=9.4_3.5&docsetId=etsug&docsetTarget=etsug_expand_toc.htm&locale=en
SAS/ETS,HPCDM,HPCDM,https://documentation.sas.com/?cdcId=pgmsascdc&cdcVersion=9.4_3.5&docsetId=etsug&docsetTarget=etsug_hpcdm_toc.htm&locale=en
SAS/ETS,HPCOPULA,HPCOPULA,https://documentation.sas.com/?cdcId=pgmsascdc&cdcVersion=9.4_3.5&docsetId=etsug&docsetTarget=etsug_hpcopula_toc.htm&locale=en
SAS/ETS,HPCOUNTREG,HPCOUNTREG,https://documentation.sas.com/?cdcId=pgmsascdc&cdcVersion=9.4_3.5&docsetId=etsug&docsetTarget=etsug_hpcountreg_toc.htm&locale=en
SAS/ETS,HPPANEL,HPPANEL,https://documentation.sas.com/?cdcId=pgmsascdc&cdcVersion=9.4_3.5&docsetId=etsug&docsetTarget=etsug_hppanel_toc.htm&locale=en
SAS/ETS,HPQLIM,HPQLIM,https://documentation.sas.com/?cdcId=pgmsascdc&cdcVersion=9.4_3.5&docsetId=etsug&docsetTarget=etsug_hpqlim_toc.htm&locale=en
SAS/ETS,HPSEVERITY,HPSEVERITY,https://documentation.sas.com/?cdcId=pgmsascdc&cdcVersion=9.4_3.5&docsetId=etsug&docsetTarget=etsug_hpseverity_toc.htm&locale=en
SAS/ETS,LOAN,LOAN,https://documentation.sas.com/?cdcId=pgmsascdc&cdcVersion=9.4_3.5&docsetId=etsug&docsetTarget=etsug_loan_toc.htm&locale=en
SAS/ETS,MDC,MDC,https://documentation.sas.com/?cdcId=pgmsascdc&cdcVersion=9.4_3.5&docsetId=etsug&docsetTarget=etsug_mdc_toc.htm&locale=en
SAS/ETS,MODEL,MODEL,https://documentation.sas.com/?cdcId=pgmsascdc&cdcVersion=9.4_3.5&docsetId=etsug&docsetTarget=etsug_model_toc.htm&locale=en
SAS/ETS,PANEL,PANEL,https://documentation.sas.com/?cdcId=pgmsascdc&cdcVersion=9.4_3.5&docsetId=etsug&docsetTarget=etsug_panel_toc.htm&locale=en
SAS/ETS,PDLREG,PDLREG,https://documentation.sas.com/?cdcId=pgmsascdc&cdcVersion=9.4_3.5&docsetId=etsug&docsetTarget=etsug_pdlreg_toc.htm&locale=en
SAS/ETS,QLIM,QLIM,https://documentation.sas.com/?cdcId=pgmsascdc&cdcVersion=9.4_3.5&docsetId=etsug&docsetTarget=etsug_qlim_toc.htm&locale=en
SAS/ETS,SEVERITY,SEVERITY,https://documentation.sas.com/?cdcId=pgmsascdc&cdcVersion=9.4_3.5&docsetId=etsug&docsetTarget=etsug_severity_toc.htm&locale=en
SAS/ETS,SIMILARITY,SIMILARITY,https://documentation.sas.com/?cdcId=pgmsascdc&cdcVersion=9.4_3.5&docsetId=etsug&docsetTarget=etsug_similarity_toc.htm&locale=en
SAS/ETS,SIMLIN,SIMLIN,https://documentation.sas.com/?cdcId=pgmsascdc&cdcVersion=9.4_3.5&docsetId=etsug&docsetTarget=etsug_simlin_toc.htm&locale=en
SAS/ETS,SPATIALREG,SPATIALREG,https://documentation.sas.com/?cdcId=pgmsascdc&cdcVersion=9.4_3.5&docsetId=etsug&docsetTarget=etsug_spatialreg_toc.htm&locale=en
SAS/ETS,SPECTRA,SPECTRA,https://documentation.sas.com/?cdcId=pgmsascdc&cdcVersion=9.4_3.5&docsetId=etsug&docsetTarget=etsug_spectra_toc.htm&locale=en
SAS/ETS,SSM,SSM,https://documentation.sas.com/?cdcId=pgmsascdc&cdcVersion=9.4_3.5&docsetId=etsug&docsetTarget=etsug_ssm_toc.htm&locale=en
SAS/ETS,STATESPACE,STATESPACE,https://documentation.sas.com/?cdcId=pgmsascdc&cdcVersion=9.4_3.5&docsetId=etsug&docsetTarget=etsug_statespa_toc.htm&locale=en
SAS/ETS,SYSLIN,SYSLIN,https://documentation.sas.com/?cdcId=pgmsascdc&cdcVersion=9.4_3.5&docsetId=etsug&docsetTarget=etsug_syslin_toc.htm&locale=en
SAS/ETS,TIMEDATA,TIMEDATA,https://documentation.sas.com/?cdcId=pgmsascdc&cdcVersion=9.4_3.5&docsetId=etsug&docsetTarget=etsug_timedata_toc.htm&locale=en
SAS/ETS,TIMEID,TIMEID,https://documentation.sas.com/?cdcId=pgmsascdc&cdcVersion=9.4_3.5&docsetId=etsug&docsetTarget=etsug_timeid_toc.htm&locale=en
SAS/ETS,TIMESERIES,TIMESERIES,https://documentation.sas.com/?cdcId=pgmsascdc&cdcVersion=9.4_3.5&docsetId=etsug&docsetTarget=etsug_timeseries_toc.htm&locale=en
SAS/ETS,TMODEL,TMODEL,https://documentation.sas.com/?cdcId=pgmsascdc&cdcVersion=9.4_3.5&docsetId=etsug&docsetTarget=etsug_tmodel_toc.htm&locale=en
SAS/ETS,TSCSREG,TSCSREG,https://documentation.sas.com/?cdcId=pgmsascdc&cdcVersion=9.4_3.5&docsetId=etsug&docsetTarget=etsug_tscsreg_toc.htm&locale=en
SAS/ETS,UCM,UCM,https://documentation.sas.com/?cdcId=pgmsascdc&cdcVersion=9.4_3.5&docsetId=etsug&docsetTarget=etsug_ucm_toc.htm&locale=en
SAS/ETS,VARMAX,VARMAX,https://documentation.sas.com/?cdcId=pgmsascdc&cdcVersion=9.4_3.5&docsetId=etsug&docsetTarget=etsug_varmax_toc.htm&locale=en
SAS/ETS,X11,X11,https://documentation.sas.com/?cdcId=pgmsascdc&cdcVersion=9.4_3.5&docsetId=etsug&docsetTarget=etsug_x11_toc.htm&locale=en
SAS/ETS,X12,X12,https://documentation.sas.com/?cdcId=pgmsascdc&cdcVersion=9.4_3.5&docsetId=etsug&docsetTarget=etsug_x12_toc.htm&locale=en
SAS/ETS,X13,X13,https://documentation.sas.com/?cdcId=pgmsascdc&cdcVersion=9.4_3.5&docsetId=etsug&docsetTarget=etsug_x13_toc.htm&locale=en
SAS/ETS High-Performance Procedures,HPCDM,HPCDM,https://documentation.sas.com/?cdcId=pgmsascdc&cdcVersion=9.4_3.5&docsetId=etshpug&docsetTarget=etshpug_hpcdm_toc.htm&locale=en
SAS/ETS High-Performance Procedures,HPCOPULA,HPCOPULA,https://documentation.sas.com/?cdcId=pgmsascdc&cdcVersion=9.4_3.5&docsetId=etshpug&docsetTarget=etshpug_hpcopula_toc.htm&locale=en
SAS/ETS High-Performance Procedures,HPCOUNTREG,HPCOUNTREG,https://documentation.sas.com/?cdcId=pgmsascdc&cdcVersion=9.4_3.5&docsetId=etshpug&docsetTarget=etshpug_hpcountreg_toc.htm&locale=en
SAS/ETS High-Performance Procedures,HPPANEL,HPPANEL,https://documentation.sas.com/?cdcId=pgmsascdc&cdcVersion=9.4_3.5&docsetId=etshpug&docsetTarget=etshpug_hppanel_toc.htm&locale=en
SAS/ETS High-Performance Procedures,HPQLIM,HPQLIM,https://documentation.sas.com/?cdcId=pgmsascdc&cdcVersion=9.4_3.5&docsetId=etshpug&docsetTarget=etshpug_hpqlim_toc.htm&locale=en
SAS/ETS High-Performance Procedures,HPSEVERITY,HPSEVERITY,https://documentation.sas.com/?cdcId=pgmsascdc&cdcVersion=9.4_3.5&docsetId=etshpug&docsetTarget=etshpug_hpseverity_toc.htm&locale=en
SAS Forecast Server,HPF,HPF,https://documentation.sas.com/?cdcId=pgmsascdc&cdcVersion=9.4_3.5&docsetId=hpfug&docsetTarget=hpfug_hpfsyntax_toc.htm&locale=en
SAS Forecast Server,HPFARIMASPEC,HPFARIMASPEC,https://documentation.sas.com/?cdcId=pgmsascdc&cdcVersion=9.4_3.5&docsetId=hpfug&docsetTarget=hpfug_hpfarimaspec_toc.htm&locale=en
SAS Forecast Server,HPFDIAGNOSE,HPFDIAGNOSE,https://documentation.sas.com/?cdcId=pgmsascdc&cdcVersion=9.4_3.5&docsetId=hpfug&docsetTarget=hpfug_hpfdiag_toc.htm&locale=en
SAS Forecast Server,HPFENGINE,HPFENGINE,https://documentation.sas.com/?cdcId=pgmsascdc&cdcVersion=9.4_3.5&docsetId=hpfug&docsetTarget=hpfug_eng_toc.htm&locale=en
SAS Forecast Server,HPFESMSPEC,HPFESMSPEC,https://documentation.sas.com/?cdcId=pgmsascdc&cdcVersion=9.4_3.5&docsetId=hpfug&docsetTarget=hpfug_hpfesm_toc.htm&locale=en
SAS Forecast Server,HPFEVENTS,HPFEVENTS,https://documentation.sas.com/?cdcId=pgmsascdc&cdcVersion=9.4_3.5&docsetId=hpfug&docsetTarget=hpfug_hpfevents_toc.htm&locale=en
SAS Forecast Server,HPFEXMSPEC,HPFEXMSPEC,https://documentation.sas.com/?cdcId=pgmsascdc&cdcVersion=9.4_3.5&docsetId=hpfug&docsetTarget=hpfug_hpfexm_toc.htm&locale=en
SAS Forecast Server,HPFIDMSPEC,HPFIDMSPEC,https://documentation.sas.com/?cdcId=pgmsascdc&cdcVersion=9.4_3.5&docsetId=hpfug&docsetTarget=hpfug_hpfidm_toc.htm&locale=en
SAS Forecast Server,HPFRECONCILE,HPFRECONCILE,https://documentation.sas.com/?cdcId=pgmsascdc&cdcVersion=9.4_3.5&docsetId=hpfug&docsetTarget=hpfug_hpfrecon_toc.htm&locale=en
SAS Forecast Server,HPFREPOSITORY (Experimental),HPFREPOSITORY,https://documentation.sas.com/?cdcId=pgmsascdc&cdcVersion=9.4_3.5&docsetId=hpfug&docsetTarget=hpfug_hpfrepo_toc.htm&locale=en
SAS Forecast Server,HPFSELECT,HPFSELECT,https://documentation.sas.com/?cdcId=pgmsascdc&cdcVersion=9.4_3.5&docsetId=hpfug&docsetTarget=hpfug_hpfselect_toc.htm&locale=en
SAS Forecast Server,HPFTEMPRECON,HPFTEMPRECON,https://documentation.sas.com/?cdcId=pgmsascdc&cdcVersion=9.4_3.5&docsetId=hpfug&docsetTarget=hpfug_hpftemprecon_toc.htm&locale=en
SAS Forecast Server,HPFUCMSPEC,HPFUCMSPEC,https://documentation.sas.com/?cdcId=pgmsascdc&cdcVersion=9.4_3.5&docsetId=hpfug&docsetTarget=hpfug_hpfucmspec_toc.htm&locale=en
SAS/FSP,FSBROWSE,FSBROWSE,https://documentation.sas.com/?docsetId=fspproc&docsetTarget=p0xknxtmeoooa3n1j7llxdhewfus.htm&docsetVersion=9.4&locale=en
SAS/FSP,FSEDIT,FSEDIT,https://documentation.sas.com/?docsetId=fspproc&docsetTarget=n12thwx1qz6mqrn1b50a0910o6z9.htm&docsetVersion=9.4&locale=en
SAS/FSP,FSLETTER,FSLETTER,https://documentation.sas.com/?docsetId=fspproc&docsetTarget=n0cb1174p4cvdrn1g2sdaca88m3j.htm&docsetVersion=9.4&locale=en
SAS/FSP,FSVIEW,FSVIEW,https://documentation.sas.com/?docsetId=fspproc&docsetTarget=p1l2fsvziemg81n1u17dovqtrlxj.htm&docsetVersion=9.4&locale=en
SAS/Genetics,ALLELE,ALLELE,http://support.sas.com/documentation/cdl/en/geneug/66841/HTML/default/viewer.htm#geneug_allele_toc.htm
SAS/Genetics,BTL,BTL,http://support.sas.com/documentation/cdl/en/geneug/66841/HTML/default/viewer.htm#geneug_btl_syntax.htm
SAS/Genetics,CASECONTROL,CASECONTROL,http://support.sas.com/documentation/cdl/en/geneug/66841/HTML/default/viewer.htm#geneug_casecontrol_toc.htm
SAS/Genetics,FAMILY,FAMILY,http://support.sas.com/documentation/cdl/en/geneug/66841/HTML/default/viewer.htm#geneug_family_toc.htm
SAS/Genetics,GENESELECT,GENESELECT,http://support.sas.com/documentation/cdl/en/geneug/66841/HTML/default/viewer.htm#geneug_geneselect_toc.htm
SAS/Genetics,HAPLOTYPE,HAPLOTYPE,http://support.sas.com/documentation/cdl/en/geneug/66841/HTML/default/viewer.htm#geneug_haplotype_toc.htm
SAS/Genetics,HTSNP,HTSNP,http://support.sas.com/documentation/cdl/en/geneug/66841/HTML/default/viewer.htm#geneug_htsnp_toc.htm
SAS/Genetics,PSMOOTH,PSMOOTH,http://support.sas.com/documentation/cdl/en/geneug/66841/HTML/default/viewer.htm#geneug_psmooth_toc.htm
SAS/GIS,GIS,GIS,https://documentation.sas.com/?cdcId=pgmsascdc&cdcVersion=9.4_3.5&docsetId=apdatgis&docsetTarget=p1s6alnqfiuv3in1o7oz9xlfeem5.htm&locale=en
SAS/GRAPH,G3D,G3D,https://documentation.sas.com/?cdcId=pgmsascdc&cdcVersion=9.4_3.5&docsetId=graphref&docsetTarget=n17v6b90qsbjz1n16wqtuol0pic5.htm&locale=en
SAS/GRAPH,G3GRID,G3GRID,https://documentation.sas.com/?cdcId=pgmsascdc&cdcVersion=9.4_3.5&docsetId=graphref&docsetTarget=n0log4lxbjybbqn11b04klqj2orr.htm&locale=en
SAS/GRAPH,GANNO,GANNO,https://documentation.sas.com/?cdcId=pgmsascdc&cdcVersion=9.4_3.5&docsetId=graphref&docsetTarget=p198vvex23amofn14tfpdoxr2ldp.htm&locale=en
SAS/GRAPH,GAREABAR,GAREABAR,https://documentation.sas.com/?cdcId=pgmsascdc&cdcVersion=9.4_3.5&docsetId=graphref&docsetTarget=n0d98duo2krvhnn1xrx1xlsk4fpw.htm&locale=en
SAS/GRAPH,GBARLINE,GBARLINE,https://documentation.sas.com/?cdcId=pgmsascdc&cdcVersion=9.4_3.5&docsetId=graphref&docsetTarget=p0gjzffw4b5o69n1qvhxlhv93jcq.htm&locale=en
SAS/GRAPH,GCHART,GCHART,https://documentation.sas.com/?cdcId=pgmsascdc&cdcVersion=9.4_3.5&docsetId=graphref&docsetTarget=n1dvg3qp3e9pann10us1wxo0qe0q.htm&locale=en
SAS/GRAPH,GCONTOUR,GCONTOUR,https://documentation.sas.com/?cdcId=pgmsascdc&cdcVersion=9.4_3.5&docsetId=graphref&docsetTarget=p1p773d7i495lnn1rbh99a57a629.htm&locale=en
SAS/GRAPH,GDEVICE,GDEVICE,https://documentation.sas.com/?cdcId=pgmsascdc&cdcVersion=9.4_3.5&docsetId=graphref&docsetTarget=n0w7rxglw3wc8wn13681sqrko4y7.htm&locale=en
SAS/GRAPH,GFONT,GFONT,https://documentation.sas.com/?cdcId=pgmsascdc&cdcVersion=9.4_3.5&docsetId=graphref&docsetTarget=n0gpx54kwyontkn1kxu6iebpg5v2.htm&locale=en
SAS/GRAPH,GINSIDE,GINSIDE,https://documentation.sas.com/?cdcId=pgmsascdc&cdcVersion=9.4_3.5&docsetId=grmapref&docsetTarget=p1frskc294tbapn1wwumr6m4d3ka.htm&locale=en
SAS/GRAPH,GKPI,GKPI,https://documentation.sas.com/?cdcId=pgmsascdc&cdcVersion=9.4_3.5&docsetId=graphref&docsetTarget=p1u9s4qiheb63in1bk969uzu46q7.htm&locale=en
SAS/GRAPH,GMAP,GMAP,https://documentation.sas.com/?cdcId=pgmsascdc&cdcVersion=9.4_3.5&docsetId=grmapref&docsetTarget=n01e0bon6tv6ncn1a7dlrr5fh5tr.htm&locale=en
SAS/GRAPH,GOPTIONS,GOPTIONS,https://documentation.sas.com/?cdcId=pgmsascdc&cdcVersion=9.4_3.5&docsetId=graphref&docsetTarget=p03fmw4pbyvbsmn1ue3klps09rze.htm&locale=en
SAS/GRAPH,GPLOT,GPLOT,https://documentation.sas.com/?cdcId=pgmsascdc&cdcVersion=9.4_3.5&docsetId=graphref&docsetTarget=n1e0onjgevom4kn1hbiibc6w34oe.htm&locale=en
SAS/GRAPH,GPROJECT,GPROJECT,https://documentation.sas.com/?cdcId=pgmsascdc&cdcVersion=9.4_3.5&docsetId=grmapref&docsetTarget=n0h81palrr0ucqn11g9r0y3incml.htm&locale=en
SAS/GRAPH,GRADAR,GRADAR,https://documentation.sas.com/?cdcId=pgmsascdc&cdcVersion=9.4_3.5&docsetId=graphref&docsetTarget=n0hhznjklmhf66n14ry392qrxs68.htm&locale=en
SAS/GRAPH,GREDUCE,GREDUCE,https://documentation.sas.com/?cdcId=pgmsascdc&cdcVersion=9.4_3.5&docsetId=grmapref&docsetTarget=n0grevqu4asrarn1lmo5eblj0sxz.htm&locale=en
SAS/GRAPH,GREMOVE,GREMOVE,https://documentation.sas.com/?cdcId=pgmsascdc&cdcVersion=9.4_3.5&docsetId=grmapref&docsetTarget=p18fpxx3tn5br4n1ql9aghlvht2p.htm&locale=en
SAS/GRAPH,GREPLAY,GREPLAY,https://documentation.sas.com/?cdcId=pgmsascdc&cdcVersion=9.4_3.5&docsetId=graphref&docsetTarget=p1rldvq0c4q3c8n14y5otguby0km.htm&locale=en
SAS/GRAPH,GSLIDE,GSLIDE,https://documentation.sas.com/?cdcId=pgmsascdc&cdcVersion=9.4_3.5&docsetId=graphref&docsetTarget=p1jfb7iqnto3fun1a5evbjbj61qy.htm&locale=en
SAS/GRAPH,GTILE,GTILE,https://documentation.sas.com/?cdcId=pgmsascdc&cdcVersion=9.4_3.5&docsetId=graphref&docsetTarget=p05jxidl2cw5svn1ngcpzvuirlcz.htm&locale=en
SAS/IML,IML,IML,https://documentation.sas.com/?cdcId=pgmsascdc&cdcVersion=9.4_3.5&docsetId=imlug&docsetTarget=imlug_imlstart_toc.htm&locale=en
SAS Integration Technologies,IOMOPERATE,IOMOPERATE,https://documentation.sas.com/?docsetId=biasag&docsetTarget=n20000intelplatform00srvradm.htm&docsetVersion=9.4
SAS Integration Technologies,STP,STP,https://documentation.sas.com/?docsetId=stpug&docsetTarget=p0yy4kd3k4dc03n1mcd76hog6y2u.htm&docsetVersion=9.4&locale=en
SAS/IntrNet,APPSRV,APPSRV,https://documentation.sas.com/?docsetId=dispatch&docsetTarget=n19m642yloeug5n1byy5sgvyytv7.htm&docsetVersion=9.4&locale=en
SAS LASR Analytic Server,IMSTAT (Analytics),IMSTAT,https://documentation.sas.com/?docsetId=inmsref&docsetTarget=n1l5k6bed95vzqn1a47vafe3q958.htm&docsetVersion=2.83
SAS LASR Analytic Server,IMSTAT (Data and Server Management),IMSTAT,https://documentation.sas.com/?docsetId=inmsref&docsetTarget=p10dosb1fybvpzn1hw38gxuotopk.htm&docsetVersion=2.83
SAS LASR Analytic Server,IMXFER,IMXFER,https://documentation.sas.com/?docsetId=inmsref&docsetTarget=n13btl3ehfxgeqn18ahx9ert3bof.htm&docsetVersion=2.83
SAS LASR Analytic Server,LASR,LASR,https://documentation.sas.com/?docsetId=inmsref&docsetTarget=p00z16nlibqearn11f67sudjjtd9.htm&docsetVersion=2.83
SAS LASR Analytic Server,RECOMMEND,RECOMMEND,https://documentation.sas.com/?docsetId=inmsref&docsetTarget=p1i77itehlfi0mn0zk8h50ibsfpw.htm&docsetVersion=2.83
SAS LASR Analytic Server,VASMP,VASMP,https://documentation.sas.com/?docsetId=inmsref&docsetTarget=n0ush7m9d2bgpsn1x5l713gemum7.htm&docsetVersion=2.83
SAS OLAP Server,OLAP,OLAP,https://documentation.sas.com/?cdcId=pgmsascdc&cdcVersion=9.4_3.5&docsetId=olapug&docsetTarget=p0kn75cyawj4tpn1mt39tyd5cwsj.htm&locale=en
SAS OLAP Server,OLAPCONTENTS,OLAPCONTENTS,https://documentation.sas.com/?cdcId=pgmsascdc&cdcVersion=9.4_3.5&docsetId=olapug&docsetTarget=p0hl7j9w45wq5vn1o0j0oen3hqp6.htm&locale=en
SAS OLAP Server,OLAPOPERATE,OLAPOPERATE,https://documentation.sas.com/?cdcId=pgmsascdc&cdcVersion=9.4_3.5&docsetId=olapug&docsetTarget=n1if7v9pxxguden16y6n6qku4u1a.htm&locale=en
SAS OPTGRAPH Procedure,OPTGRAPH,OPTGRAPH,https://documentation.sas.com/?cdcId=pgmsascdc&cdcVersion=9.4_3.5&docsetId=procgralg&docsetTarget=procgralg_optgraph_toc.htm&locale=en
SAS Optimization,CLP,CLP,https://documentation.sas.com/?cdcId=pgmsascdc&cdcVersion=9.4_3.5&docsetId=casmopt&docsetTarget=casmopt_clp_toc.htm&locale=en
SAS Optimization,OPTLP,OPTLP,https://documentation.sas.com/?cdcId=pgmsascdc&cdcVersion=9.4_3.5&docsetId=casmopt&docsetTarget=casmopt_optlp_toc.htm&locale=en
SAS Optimization,OPTMILP,OPTMILP,https://documentation.sas.com/?cdcId=pgmsascdc&cdcVersion=9.4_3.5&docsetId=casmopt&docsetTarget=casmopt_optmilp_toc.htm&locale=en
SAS Optimization,OPTQP,OPTQP,https://documentation.sas.com/?cdcId=pgmsascdc&cdcVersion=9.4_3.5&docsetId=casmopt&docsetTarget=casmopt_optqp_toc.htm&locale=en
SAS Optimization,OPTMODEL,OPTMODEL,https://documentation.sas.com/?cdcId=pgmsascdc&cdcVersion=9.4_3.5&docsetId=casmopt&docsetTarget=casmopt_optmodel_toc.htm&locale=en
SAS Optimization,OPTNETWORK,OPTNETWORK,https://documentation.sas.com/?cdcId=pgmsascdc&cdcVersion=9.4_3.5&docsetId=casnopt&docsetTarget=casnopt_optnet_toc.htm&locale=en
SAS/OR,BOM,BOM,https://documentation.sas.com/?cdcId=pgmsascdc&cdcVersion=9.4_3.5&docsetId=orbomug&docsetTarget=orbomug_bom_toc.htm&locale=en
SAS/OR,CLP,CLP,https://documentation.sas.com/?cdcId=pgmsascdc&cdcVersion=9.4_3.5&docsetId=orcpug&docsetTarget=orcpug_clp_toc.htm&locale=en
SAS/OR,CPM,CPM,https://documentation.sas.com/?cdcId=pgmsascdc&cdcVersion=9.4_3.5&docsetId=orpmug&docsetTarget=orpmug_cpm_toc.htm&locale=en
SAS/OR,DTREE,DTREE,https://documentation.sas.com/?cdcId=pgmsascdc&cdcVersion=9.4_3.5&docsetId=orpmug&docsetTarget=orpmug_dtree_toc.htm&locale=en
SAS/OR,GA,GA,https://documentation.sas.com/?cdcId=pgmsascdc&cdcVersion=9.4_3.5&docsetId=orlsoug&docsetTarget=orlsoug_ga_toc.htm&locale=en
SAS/OR,GANTT,GANTT,https://documentation.sas.com/?cdcId=pgmsascdc&cdcVersion=9.4_3.5&docsetId=orpmug&docsetTarget=orpmug_gantt_toc.htm&locale=en
SAS/OR,NETDRAW,NETDRAW,https://documentation.sas.com/?cdcId=pgmsascdc&cdcVersion=9.4_3.5&docsetId=orpmug&docsetTarget=orpmug_netdraw_toc.htm&locale=en
SAS/OR,OPTLP,OPTLP,https://documentation.sas.com/?cdcId=pgmsascdc&cdcVersion=9.4_3.5&docsetId=ormpug&docsetTarget=ormpug_optlp_toc.htm&locale=en
SAS/OR,OPTLSO,OPTLSO,https://documentation.sas.com/?cdcId=pgmsascdc&cdcVersion=9.4_3.5&docsetId=orlsoug&docsetTarget=orlsoug_hplso_toc.htm&locale=en
SAS/OR,OPTMILP,OPTMILP,https://documentation.sas.com/?cdcId=pgmsascdc&cdcVersion=9.4_3.5&docsetId=ormpug&docsetTarget=ormpug_optmilp_toc.htm&locale=en
SAS/OR,OPTMODEL,OPTMODEL,https://documentation.sas.com/?cdcId=pgmsascdc&cdcVersion=9.4_3.5&docsetId=ormpug&docsetTarget=ormpug_optmodel_toc.htm&locale=en
SAS/OR,OPTNET,OPTNET,https://documentation.sas.com/?cdcId=pgmsascdc&cdcVersion=9.4_3.5&docsetId=ornoaug&docsetTarget=ornoaug_optnet_toc.htm&locale=en
SAS/OR,OPTQP,OPTQP,https://documentation.sas.com/?cdcId=pgmsascdc&cdcVersion=9.4_3.5&docsetId=ormpug&docsetTarget=ormpug_optqp_toc.htm&locale=en
SAS/OR,PM,PM,https://documentation.sas.com/?cdcId=pgmsascdc&cdcVersion=9.4_3.5&docsetId=orpmug&docsetTarget=orpmug_pm_toc.htm&locale=en
SAS/QC,ANOM,ANOM,https://documentation.sas.com/?cdcId=pgmsascdc&cdcVersion=9.4_3.5&docsetId=qcug&docsetTarget=qcug_anom_toc.htm&locale=en
SAS/QC,CAPABILITY,CAPABILITY,https://documentation.sas.com/?cdcId=pgmsascdc&cdcVersion=9.4_3.5&docsetId=qcug&docsetTarget=qcug_capability_toc.htm&locale=en
SAS/QC,CUSUM,CUSUM,https://documentation.sas.com/?cdcId=pgmsascdc&cdcVersion=9.4_3.5&docsetId=qcug&docsetTarget=qcug_cusum_toc.htm&locale=en
SAS/QC,FACTEX,FACTEX,https://documentation.sas.com/?cdcId=pgmsascdc&cdcVersion=9.4_3.5&docsetId=qcug&docsetTarget=qcug_factex_toc.htm&locale=en
SAS/QC,ISHIKAWA,ISHIKAWA,https://documentation.sas.com/?cdcId=pgmsascdc&cdcVersion=9.4_3.5&docsetId=qcug&docsetTarget=qcug_ishikawa_toc.htm&locale=en
SAS/QC,MACONTROL,MACONTROL,https://documentation.sas.com/?cdcId=pgmsascdc&cdcVersion=9.4_3.5&docsetId=qcug&docsetTarget=qcug_macontrol_toc.htm&locale=en
SAS/QC,MVPDIAGNOSE,MVPDIAGNOSE,https://documentation.sas.com/?cdcId=pgmsascdc&cdcVersion=9.4_3.5&docsetId=qcug&docsetTarget=qcug_mvpdiagnose_toc.htm&locale=en
SAS/QC,MVPMODEL,MVPMODEL,https://documentation.sas.com/?cdcId=pgmsascdc&cdcVersion=9.4_3.5&docsetId=qcug&docsetTarget=qcug_mvpmodel_toc.htm&locale=en
SAS/QC,MVPMONITOR,MVPMONITOR,https://documentation.sas.com/?cdcId=pgmsascdc&cdcVersion=9.4_3.5&docsetId=qcug&docsetTarget=qcug_mvpmonitor_toc.htm&locale=en
SAS/QC,OPTEX,OPTEX,https://documentation.sas.com/?cdcId=pgmsascdc&cdcVersion=9.4_3.5&docsetId=qcug&docsetTarget=qcug_optex_toc.htm&locale=en
SAS/QC,PARETO,PARETO,https://documentation.sas.com/?cdcId=pgmsascdc&cdcVersion=9.4_3.5&docsetId=qcug&docsetTarget=qcug_pareto_toc.htm&locale=en
SAS/QC,RAREEVENTS,RAREEVENTS,https://documentation.sas.com/?cdcId=pgmsascdc&cdcVersion=9.4_3.5&docsetId=qcug&docsetTarget=qcug_rareevents_toc.htm&locale=en
SAS/QC,RELIABILITY,RELIABILITY,https://documentation.sas.com/?cdcId=pgmsascdc&cdcVersion=9.4_3.5&docsetId=qcug&docsetTarget=qcug_reliability_toc.htm&locale=en
SAS/QC,SHEWHART,SHEWHART,https://documentation.sas.com/?cdcId=pgmsascdc&cdcVersion=9.4_3.5&docsetId=qcug&docsetTarget=qcug_shewhart_toc.htm&locale=en
SAS Scalable Performance Data Server,SPDO,SPDO,https://documentation.sas.com/?cdcId=pgmsascdc&cdcVersion=9.4_3.5&docsetId=spdsag&docsetTarget=n0wincwo9e53ljn1s7beiqxryq6o.htm
SAS/SHARE,OPERATE,OPERATE,https://documentation.sas.com/?cdcId=pgmsascdc&cdcVersion=9.4_3.5&docsetId=shrref&docsetTarget=n0ttnz4h986urxn1s5zuqo4vdlul.htm&locale=en
SAS/SHARE,SERVER,SERVER,https://documentation.sas.com/?cdcId=pgmsascdc&cdcVersion=9.4_3.5&docsetId=shrref&docsetTarget=n1or2nolc2epe5n15pd5arndrqzq.htm&locale=en
SAS/STAT,ACECLUS,ACECLUS,https://documentation.sas.com/?cdcId=pgmsascdc&cdcVersion=9.4_3.5&docsetId=statug&docsetTarget=statug_aceclus_toc.htm&locale=en
SAS/STAT,ADAPTIVEREG,ADAPTIVEREG,https://documentation.sas.com/?cdcId=pgmsascdc&cdcVersion=9.4_3.5&docsetId=statug&docsetTarget=statug_adaptivereg_toc.htm&locale=en
SAS/STAT,ANOVA,ANOVA,https://documentation.sas.com/?cdcId=pgmsascdc&cdcVersion=9.4_3.5&docsetId=statug&docsetTarget=statug_anova_toc.htm&locale=en
SAS/STAT,BCHOICE,BCHOICE,https://documentation.sas.com/?cdcId=pgmsascdc&cdcVersion=9.4_3.5&docsetId=statug&docsetTarget=statug_bchoice_toc.htm&locale=en
SAS/STAT,BGLIMM,BGLIMM,https://documentation.sas.com/?cdcId=pgmsascdc&cdcVersion=9.4_3.5&docsetId=statug&docsetTarget=statug_bglimm_toc.htm&locale=en
SAS/STAT,BOXPLOT,BOXPLOT,https://documentation.sas.com/?cdcId=pgmsascdc&cdcVersion=9.4_3.5&docsetId=statug&docsetTarget=statug_boxplot_toc.htm&locale=en
SAS/STAT,CALIS,CALIS,https://documentation.sas.com/?cdcId=pgmsascdc&cdcVersion=9.4_3.5&docsetId=statug&docsetTarget=statug_calis_toc.htm&locale=en
SAS/STAT,CANCORR,CANCORR,https://documentation.sas.com/?cdcId=pgmsascdc&cdcVersion=9.4_3.5&docsetId=statug&docsetTarget=statug_cancorr_toc.htm&locale=en
SAS/STAT,CANDISC,CANDISC,https://documentation.sas.com/?cdcId=pgmsascdc&cdcVersion=9.4_3.5&docsetId=statug&docsetTarget=statug_candisc_toc.htm&locale=en
SAS/STAT,CATMOD,CATMOD,https://documentation.sas.com/?cdcId=pgmsascdc&cdcVersion=9.4_3.5&docsetId=statug&docsetTarget=statug_catmod_toc.htm&locale=en
SAS/STAT,CAUSALGRAPH,CAUSALGRAPH,https://documentation.sas.com/?cdcId=pgmsascdc&cdcVersion=9.4_3.5&docsetId=statug&docsetTarget=statug_causalgraph_toc.htm&locale=en
SAS/STAT,CAUSALMED,CAUSALMED,https://documentation.sas.com/?cdcId=pgmsascdc&cdcVersion=9.4_3.5&docsetId=statug&docsetTarget=statug_causalmed_toc.htm&locale=en
SAS/STAT,CAUSALTRT,CAUSALTRT,https://documentation.sas.com/?cdcId=pgmsascdc&cdcVersion=9.4_3.5&docsetId=statug&docsetTarget=statug_causalmed_toc.htm&locale=en
SAS/STAT,CLUSTER,CLUSTER,https://documentation.sas.com/?cdcId=pgmsascdc&cdcVersion=9.4_3.5&docsetId=statug&docsetTarget=statug_cluster_toc.htm&locale=en
SAS/STAT,CORRESP,CORRESP,https://documentation.sas.com/?cdcId=pgmsascdc&cdcVersion=9.4_3.5&docsetId=statug&docsetTarget=statug_corresp_toc.htm&locale=en
SAS/STAT,DISCRIM,DISCRIM,https://documentation.sas.com/?cdcId=pgmsascdc&cdcVersion=9.4_3.5&docsetId=statug&docsetTarget=statug_discrim_toc.htm&locale=en
SAS/STAT,DISTANCE,DISTANCE,https://documentation.sas.com/?cdcId=pgmsascdc&cdcVersion=9.4_3.5&docsetId=statug&docsetTarget=statug_distance_toc.htm&locale=en
SAS/STAT,FACTOR,FACTOR,https://documentation.sas.com/?cdcId=pgmsascdc&cdcVersion=9.4_3.5&docsetId=statug&docsetTarget=statug_factor_toc.htm&locale=en
SAS/STAT,FASTCLUS,FASTCLUS,https://documentation.sas.com/?cdcId=pgmsascdc&cdcVersion=9.4_3.5&docsetId=statug&docsetTarget=statug_fastclus_toc.htm&locale=en
SAS/STAT,FMM,FMM,https://documentation.sas.com/?cdcId=pgmsascdc&cdcVersion=9.4_3.5&docsetId=statug&docsetTarget=statug_fmm_toc.htm&locale=en
SAS/STAT,FREQ,FREQ,https://documentation.sas.com/?cdcId=pgmsascdc&cdcVersion=9.4_3.5&docsetId=statug&docsetTarget=statug_freq_toc.htm&locale=en
SAS/STAT,GAM,GAM,https://documentation.sas.com/?cdcId=pgmsascdc&cdcVersion=9.4_3.5&docsetId=statug&docsetTarget=statug_gam_toc.htm&locale=en
SAS/STAT,GAMPL,GAMPL,https://documentation.sas.com/?cdcId=pgmsascdc&cdcVersion=9.4_3.5&docsetId=statug&docsetTarget=statug_hpgam_toc.htm&locale=en
SAS/STAT,GEE,GEE,https://documentation.sas.com/?cdcId=pgmsascdc&cdcVersion=9.4_3.5&docsetId=statug&docsetTarget=statug_gee_toc.htm&locale=en
SAS/STAT,GENMOD,GENMOD,https://documentation.sas.com/?cdcId=pgmsascdc&cdcVersion=9.4_3.5&docsetId=statug&docsetTarget=statug_genmod_toc.htm&locale=en
SAS/STAT,GLIMMIX,GLIMMIX,https://documentation.sas.com/?cdcId=pgmsascdc&cdcVersion=9.4_3.5&docsetId=statug&docsetTarget=statug_glimmix_toc.htm&locale=en
SAS/STAT,GLM,GLM,https://documentation.sas.com/?cdcId=pgmsascdc&cdcVersion=9.4_3.5&docsetId=statug&docsetTarget=statug_glm_toc.htm&locale=en
SAS/STAT,GLMMOD,GLMMOD,https://documentation.sas.com/?cdcId=pgmsascdc&cdcVersion=9.4_3.5&docsetId=statug&docsetTarget=statug_glmmod_toc.htm&locale=en
SAS/STAT,GLMPOWER,GLMPOWER,https://documentation.sas.com/?cdcId=pgmsascdc&cdcVersion=9.4_3.5&docsetId=statug&docsetTarget=statug_glmpower_toc.htm&locale=en
SAS/STAT,GLMSELECT,GLMSELECT,https://documentation.sas.com/?cdcId=pgmsascdc&cdcVersion=9.4_3.5&docsetId=statug&docsetTarget=statug_glmselect_toc.htm&locale=en
SAS/STAT,HPCANDISC,HPCANDISC,https://documentation.sas.com/?cdcId=pgmsascdc&cdcVersion=9.4_3.5&docsetId=statug&docsetTarget=statug_hpcandisc_toc.htm&locale=en
SAS/STAT,HPFMM,HPFMM,https://documentation.sas.com/?cdcId=pgmsascdc&cdcVersion=9.4_3.5&docsetId=statug&docsetTarget=statug_hpfmm_toc.htm&locale=en
SAS/STAT,HPGENSELECT,HPGENSELECT,https://documentation.sas.com/?cdcId=pgmsascdc&cdcVersion=9.4_3.5&docsetId=statug&docsetTarget=statug_hpgenselect_toc.htm&locale=en
SAS/STAT,HPLMIXED,HPLMIXED,https://documentation.sas.com/?cdcId=pgmsascdc&cdcVersion=9.4_3.5&docsetId=statug&docsetTarget=statug_hplmixed_toc.htm&locale=en
SAS/STAT,HPLOGISTIC,HPLOGISTIC,https://documentation.sas.com/?cdcId=pgmsascdc&cdcVersion=9.4_3.5&docsetId=statug&docsetTarget=statug_hplogistic_toc.htm&locale=en
SAS/STAT,HPMIXED,HPMIXED,https://documentation.sas.com/?cdcId=pgmsascdc&cdcVersion=9.4_3.5&docsetId=statug&docsetTarget=statug_hpmixed_toc.htm&locale=en
SAS/STAT,HPNLMOD,HPNLMOD,https://documentation.sas.com/?cdcId=pgmsascdc&cdcVersion=9.4_3.5&docsetId=statug&docsetTarget=statug_hpnlin_toc.htm&locale=en
SAS/STAT,HPPLS,HPPLS,https://documentation.sas.com/?cdcId=pgmsascdc&cdcVersion=9.4_3.5&docsetId=statug&docsetTarget=statug_hppls_toc.htm&locale=en
SAS/STAT,HPPRINCOMP,HPPRINCOMP,https://documentation.sas.com/?cdcId=pgmsascdc&cdcVersion=9.4_3.5&docsetId=statug&docsetTarget=statug_hpprincomp_toc.htm&locale=en
SAS/STAT,HPQUANTSELECT,HPQUANTSELECT,https://documentation.sas.com/?cdcId=pgmsascdc&cdcVersion=9.4_3.5&docsetId=statug&docsetTarget=statug_hpqtr_toc.htm&locale=en
SAS/STAT,HPREG,HPREG,https://documentation.sas.com/?cdcId=pgmsascdc&cdcVersion=9.4_3.5&docsetId=statug&docsetTarget=statug_hpreg_toc.htm&locale=en
SAS/STAT,HPSPLIT,HPSPLIT,https://documentation.sas.com/?cdcId=pgmsascdc&cdcVersion=9.4_3.5&docsetId=statug&docsetTarget=statug_hpsplit_toc.htm&locale=en
SAS/STAT,ICLIFETEST,ICLIFETEST,https://documentation.sas.com/?cdcId=pgmsascdc&cdcVersion=9.4_3.5&docsetId=statug&docsetTarget=statug_iclifetest_toc.htm&locale=en
SAS/STAT,ICPHREG,ICPHREG,https://documentation.sas.com/?cdcId=pgmsascdc&cdcVersion=9.4_3.5&docsetId=statug&docsetTarget=statug_icphreg_toc.htm&locale=en
SAS/STAT,INBREED,INBREED,https://documentation.sas.com/?cdcId=pgmsascdc&cdcVersion=9.4_3.5&docsetId=statug&docsetTarget=statug_inbreed_toc.htm&locale=en
SAS/STAT,IRT,IRT,https://documentation.sas.com/?cdcId=pgmsascdc&cdcVersion=9.4_3.5&docsetId=statug&docsetTarget=statug_irt_toc.htm&locale=en
SAS/STAT,KDE,KDE,https://documentation.sas.com/?cdcId=pgmsascdc&cdcVersion=9.4_3.5&docsetId=statug&docsetTarget=statug_kde_toc.htm&locale=en
SAS/STAT,KRIGE2D,KRIGE2D,https://documentation.sas.com/?cdcId=pgmsascdc&cdcVersion=9.4_3.5&docsetId=statug&docsetTarget=statug_krige2d_toc.htm&locale=en
SAS/STAT,LATTICE,LATTICE,https://documentation.sas.com/?cdcId=pgmsascdc&cdcVersion=9.4_3.5&docsetId=statug&docsetTarget=statug_lattice_toc.htm&locale=en
SAS/STAT,LIFEREG,LIFEREG,https://documentation.sas.com/?cdcId=pgmsascdc&cdcVersion=9.4_3.5&docsetId=statug&docsetTarget=statug_lifereg_toc.htm&locale=en
SAS/STAT,LIFETEST,LIFETEST,https://documentation.sas.com/?cdcId=pgmsascdc&cdcVersion=9.4_3.5&docsetId=statug&docsetTarget=statug_lifetest_toc.htm&locale=en
SAS/STAT,LOESS,LOESS,https://documentation.sas.com/?cdcId=pgmsascdc&cdcVersion=9.4_3.5&docsetId=statug&docsetTarget=statug_loess_toc.htm&locale=en
SAS/STAT,LOGISTIC,LOGISTIC,https://documentation.sas.com/?cdcId=pgmsascdc&cdcVersion=9.4_3.5&docsetId=statug&docsetTarget=statug_logistic_toc.htm&locale=en
SAS/STAT,MCMC,MCMC,https://documentation.sas.com/?cdcId=pgmsascdc&cdcVersion=9.4_3.5&docsetId=statug&docsetTarget=statug_mcmc_toc.htm&locale=en
SAS/STAT,MDS,MDS,https://documentation.sas.com/?cdcId=pgmsascdc&cdcVersion=9.4_3.5&docsetId=statug&docsetTarget=statug_mds_toc.htm&locale=en
SAS/STAT,MI,MI,https://documentation.sas.com/?cdcId=pgmsascdc&cdcVersion=9.4_3.5&docsetId=statug&docsetTarget=statug_mi_toc.htm&locale=en
SAS/STAT,MIANALYZE,MIANALYZE,https://documentation.sas.com/?cdcId=pgmsascdc&cdcVersion=9.4_3.5&docsetId=statug&docsetTarget=statug_mianalyze_toc.htm&locale=en
SAS/STAT,MIXED,MIXED,https://documentation.sas.com/?cdcId=pgmsascdc&cdcVersion=9.4_3.5&docsetId=statug&docsetTarget=statug_mixed_toc.htm&locale=en
SAS/STAT,MODECLUS,MODECLUS,https://documentation.sas.com/?cdcId=pgmsascdc&cdcVersion=9.4_3.5&docsetId=statug&docsetTarget=statug_modeclus_toc.htm&locale=en
SAS/STAT,MULTTEST,MULTTEST,https://documentation.sas.com/?cdcId=pgmsascdc&cdcVersion=9.4_3.5&docsetId=statug&docsetTarget=statug_multtest_toc.htm&locale=en
SAS/STAT,NESTED,NESTED,https://documentation.sas.com/?cdcId=pgmsascdc&cdcVersion=9.4_3.5&docsetId=statug&docsetTarget=statug_nested_toc.htm&locale=en
SAS/STAT,NLIN,NLIN,https://documentation.sas.com/?cdcId=pgmsascdc&cdcVersion=9.4_3.5&docsetId=statug&docsetTarget=statug_nlin_toc.htm&locale=en
SAS/STAT,NLMIXED,NLMIXED,https://documentation.sas.com/?cdcId=pgmsascdc&cdcVersion=9.4_3.5&docsetId=statug&docsetTarget=statug_nlmixed_toc.htm&locale=en
SAS/STAT,NPAR1WAY,NPAR1WAY,https://documentation.sas.com/?cdcId=pgmsascdc&cdcVersion=9.4_3.5&docsetId=statug&docsetTarget=statug_npar1way_toc.htm&locale=en
SAS/STAT,ORTHOREG,ORTHOREG,https://documentation.sas.com/?cdcId=pgmsascdc&cdcVersion=9.4_3.5&docsetId=statug&docsetTarget=statug_orthoreg_toc.htm&locale=en
SAS/STAT,PHREG,PHREG,https://documentation.sas.com/?cdcId=pgmsascdc&cdcVersion=9.4_3.5&docsetId=statug&docsetTarget=statug_phreg_toc.htm&locale=en
SAS/STAT,PLAN,PLAN,https://documentation.sas.com/?cdcId=pgmsascdc&cdcVersion=9.4_3.5&docsetId=statug&docsetTarget=statug_plan_toc.htm&locale=en
SAS/STAT,PLM,PLM,https://documentation.sas.com/?cdcId=pgmsascdc&cdcVersion=9.4_3.5&docsetId=statug&docsetTarget=statug_plm_toc.htm&locale=en
SAS/STAT,PLS,PLS,https://documentation.sas.com/?cdcId=pgmsascdc&cdcVersion=9.4_3.5&docsetId=statug&docsetTarget=statug_pls_toc.htm&locale=en
SAS/STAT,POWER,POWER,https://documentation.sas.com/?cdcId=pgmsascdc&cdcVersion=9.4_3.5&docsetId=statug&docsetTarget=statug_power_toc.htm&locale=en
SAS/STAT,PRINCOMP,PRINCOMP,https://documentation.sas.com/?cdcId=pgmsascdc&cdcVersion=9.4_3.5&docsetId=statug&docsetTarget=statug_princomp_toc.htm&locale=en
SAS/STAT,PRINQUAL,PRINQUAL,https://documentation.sas.com/?cdcId=pgmsascdc&cdcVersion=9.4_3.5&docsetId=statug&docsetTarget=statug_prinqual_toc.htm&locale=en
SAS/STAT,PROBIT,PROBIT,https://documentation.sas.com/?cdcId=pgmsascdc&cdcVersion=9.4_3.5&docsetId=statug&docsetTarget=statug_probit_toc.htm&locale=en
SAS/STAT,PSMATCH,PSMATCH,https://documentation.sas.com/?cdcId=pgmsascdc&cdcVersion=9.4_3.5&docsetId=statug&docsetTarget=statug_psmatch_toc.htm&locale=en
SAS/STAT,QUANTLIFE,QUANTLIFE,https://documentation.sas.com/?cdcId=pgmsascdc&cdcVersion=9.4_3.5&docsetId=statug&docsetTarget=statug_quantlife_toc.htm&locale=en
SAS/STAT,QUANTREG,QUANTREG,https://documentation.sas.com/?cdcId=pgmsascdc&cdcVersion=9.4_3.5&docsetId=statug&docsetTarget=statug_qreg_toc.htm&locale=en
SAS/STAT,QUANTSELECT,QUANTSELECT,https://documentation.sas.com/?cdcId=pgmsascdc&cdcVersion=9.4_3.5&docsetId=statug&docsetTarget=statug_qrsel_toc.htm&locale=en
SAS/STAT,REG,REG,https://documentation.sas.com/?cdcId=pgmsascdc&cdcVersion=9.4_3.5&docsetId=statug&docsetTarget=statug_reg_toc.htm&locale=en
SAS/STAT,RMSTREG,RMSTREG,https://documentation.sas.com/?cdcId=pgmsascdc&cdcVersion=9.4_3.5&docsetId=statug&docsetTarget=statug_rmstreg_toc.htm&locale=en
SAS/STAT,ROBUSTREG,ROBUSTREG,https://documentation.sas.com/?cdcId=pgmsascdc&cdcVersion=9.4_3.5&docsetId=statug&docsetTarget=statug_rreg_toc.htm&locale=en
SAS/STAT,RSREG,RSREG,https://documentation.sas.com/?cdcId=pgmsascdc&cdcVersion=9.4_3.5&docsetId=statug&docsetTarget=statug_rsreg_toc.htm&locale=en
SAS/STAT,SCORE,SCORE,https://documentation.sas.com/?cdcId=pgmsascdc&cdcVersion=9.4_3.5&docsetId=statug&docsetTarget=statug_score_toc.htm&locale=en
SAS/STAT,SEQDESIGN,SEQDESIGN,https://documentation.sas.com/?cdcId=pgmsascdc&cdcVersion=9.4_3.5&docsetId=statug&docsetTarget=statug_seqdesign_toc.htm&locale=en
SAS/STAT,SEQTEST,SEQTEST,https://documentation.sas.com/?cdcId=pgmsascdc&cdcVersion=9.4_3.5&docsetId=statug&docsetTarget=statug_seqtest_toc.htm&locale=en
SAS/STAT,SIM2D,SIM2D,https://documentation.sas.com/?cdcId=pgmsascdc&cdcVersion=9.4_3.5&docsetId=statug&docsetTarget=statug_sim2d_toc.htm&locale=en
SAS/STAT,SIMNORMAL,SIMNORMAL,https://documentation.sas.com/?cdcId=pgmsascdc&cdcVersion=9.4_3.5&docsetId=statug&docsetTarget=statug_simnorm_toc.htm&locale=en
SAS/STAT,SPP,SPP,https://documentation.sas.com/?cdcId=pgmsascdc&cdcVersion=9.4_3.5&docsetId=statug&docsetTarget=statug_spp_toc.htm&locale=en
SAS/STAT,STDIZE,STDIZE,https://documentation.sas.com/?cdcId=pgmsascdc&cdcVersion=9.4_3.5&docsetId=statug&docsetTarget=statug_stdize_toc.htm&locale=en
SAS/STAT,STDRATE,STDRATE,https://documentation.sas.com/?cdcId=pgmsascdc&cdcVersion=9.4_3.5&docsetId=statug&docsetTarget=statug_stdrate_toc.htm&locale=en
SAS/STAT,STEPDISC,STEPDISC,https://documentation.sas.com/?cdcId=pgmsascdc&cdcVersion=9.4_3.5&docsetId=statug&docsetTarget=statug_stepdisc_toc.htm&locale=en
SAS/STAT,SURVEYFREQ,SURVEYFREQ,https://documentation.sas.com/?cdcId=pgmsascdc&cdcVersion=9.4_3.5&docsetId=statug&docsetTarget=statug_surveyfreq_toc.htm&locale=en
SAS/STAT,SURVEYIMPUTE,SURVEYIMPUTE,https://documentation.sas.com/?cdcId=pgmsascdc&cdcVersion=9.4_3.5&docsetId=statug&docsetTarget=statug_surveyimpute_toc.htm&locale=en
SAS/STAT,SURVEYLOGISTIC,SURVEYLOGISTIC,https://documentation.sas.com/?cdcId=pgmsascdc&cdcVersion=9.4_3.5&docsetId=statug&docsetTarget=statug_surveylogistic_toc.htm&locale=en
SAS/STAT,SURVEYMEANS,SURVEYMEANS,https://documentation.sas.com/?cdcId=pgmsascdc&cdcVersion=9.4_3.5&docsetId=statug&docsetTarget=statug_surveymeans_toc.htm&locale=en
SAS/STAT,SURVEYPHREG,SURVEYPHREG,https://documentation.sas.com/?cdcId=pgmsascdc&cdcVersion=9.4_3.5&docsetId=statug&docsetTarget=statug_surveyphreg_toc.htm&locale=en
SAS/STAT,SURVEYREG,SURVEYREG,https://documentation.sas.com/?cdcId=pgmsascdc&cdcVersion=9.4_3.5&docsetId=statug&docsetTarget=statug_surveyreg_toc.htm&locale=en
SAS/STAT,SURVEYSELECT,SURVEYSELECT,https://documentation.sas.com/?cdcId=pgmsascdc&cdcVersion=9.4_3.5&docsetId=statug&docsetTarget=statug_surveyselect_toc.htm&locale=en
SAS/STAT,TPSPLINE,TPSPLINE,https://documentation.sas.com/?cdcId=pgmsascdc&cdcVersion=9.4_3.5&docsetId=statug&docsetTarget=statug_tpspline_toc.htm&locale=en
SAS/STAT,TRANSREG,TRANSREG,https://documentation.sas.com/?cdcId=pgmsascdc&cdcVersion=9.4_3.5&docsetId=statug&docsetTarget=statug_transreg_toc.htm&locale=en
SAS/STAT,TREE,TREE,https://documentation.sas.com/?cdcId=pgmsascdc&cdcVersion=9.4_3.5&docsetId=statug&docsetTarget=statug_tree_toc.htm&locale=en
SAS/STAT,TTEST,TTEST,https://documentation.sas.com/?cdcId=pgmsascdc&cdcVersion=9.4_3.5&docsetId=statug&docsetTarget=statug_ttest_toc.htm&locale=en
SAS/STAT,VARCLUS,VARCLUS,https://documentation.sas.com/?cdcId=pgmsascdc&cdcVersion=9.4_3.5&docsetId=statug&docsetTarget=statug_varclus_toc.htm&locale=en
SAS/STAT,VARCOMP,VARCOMP,https://documentation.sas.com/?cdcId=pgmsascdc&cdcVersion=9.4_3.5&docsetId=statug&docsetTarget=statug_varcomp_toc.htm&locale=en
SAS/STAT,VARIOGRAM,VARIOGRAM,https://documentation.sas.com/?cdcId=pgmsascdc&cdcVersion=9.4_3.5&docsetId=statug&docsetTarget=statug_variogram_toc.htm&locale=en
SAS/STAT High-Performance Procedures,GAMPL,GAMPL,https://documentation.sas.com/?cdcId=pgmsascdc&cdcVersion=9.4_3.5&docsetId=stathpug&docsetTarget=stathpug_hpgam_toc.htm&locale=en
SAS/STAT High-Performance Procedures,HPCANDISC,HPCANDISC,https://documentation.sas.com/?cdcId=pgmsascdc&cdcVersion=9.4_3.5&docsetId=stathpug&docsetTarget=stathpug_hpcandisc_toc.htm&locale=en
SAS/STAT High-Performance Procedures,HPFMM,HPFMM,https://documentation.sas.com/?cdcId=pgmsascdc&cdcVersion=9.4_3.5&docsetId=stathpug&docsetTarget=stathpug_hpfmm_toc.htm&locale=en
SAS/STAT High-Performance Procedures,HPGENSELECT,HPGENSELECT,https://documentation.sas.com/?cdcId=pgmsascdc&cdcVersion=9.4_3.5&docsetId=stathpug&docsetTarget=stathpug_hpgenselect_toc.htm&locale=en
SAS/STAT High-Performance Procedures,HPLMIXED,HPLMIXED,https://documentation.sas.com/?cdcId=pgmsascdc&cdcVersion=9.4_3.5&docsetId=stathpug&docsetTarget=stathpug_hplmixed_toc.htm&locale=en
SAS/STAT High-Performance Procedures,HPLOGISTIC,HPLOGISTIC,https://documentation.sas.com/?cdcId=pgmsascdc&cdcVersion=9.4_3.5&docsetId=stathpug&docsetTarget=stathpug_hplogistic_toc.htm&locale=en
SAS/STAT High-Performance Procedures,HPNLMOD,HPNLMOD,https://documentation.sas.com/?cdcId=pgmsascdc&cdcVersion=9.4_3.5&docsetId=stathpug&docsetTarget=stathpug_hpnlin_toc.htm&locale=en
SAS/STAT High-Performance Procedures,HPPLS,HPPLS,https://documentation.sas.com/?cdcId=pgmsascdc&cdcVersion=9.4_3.5&docsetId=stathpug&docsetTarget=stathpug_hppls_toc.htm&locale=en
SAS/STAT High-Performance Procedures,HPPRINCOMP,HPPRINCOMP,https://documentation.sas.com/?cdcId=pgmsascdc&cdcVersion=9.4_3.5&docsetId=statug&docsetTarget=statug_hpprincomp_toc.htm&locale=en
SAS/STAT High-Performance Procedures,HPQUANTSELECT,HPQUANTSELECT,https://documentation.sas.com/?cdcId=pgmsascdc&cdcVersion=9.4_3.5&docsetId=statug&docsetTarget=statug_hpqtr_toc.htm&locale=en
SAS/STAT High-Performance Procedures,HPREG,HPREG,https://documentation.sas.com/?cdcId=pgmsascdc&cdcVersion=9.4_3.5&docsetId=statug&docsetTarget=statug_hpreg_toc.htm&locale=en
SAS/STAT High-Performance Procedures,HPSPLIT,HPSPLIT,https://documentation.sas.com/?cdcId=pgmsascdc&cdcVersion=9.4_3.5&docsetId=statug&docsetTarget=statug_hpsplit_toc.htm&locale=en
SAS Text Miner High-Performance Procedures,HPBOOLRULE,HPBOOLRULE,https://documentation.sas.com/?cdcId=pgmsascdc&cdcVersion=9.4_3.5&docsetId=tmhpprcref&docsetTarget=tmhpprcref_hpboolrule_toc.htm&locale=en
SAS Text Miner High-Performance Procedures,HPTMINE,HPTMINE,https://documentation.sas.com/?cdcId=pgmsascdc&cdcVersion=9.4_3.5&docsetId=tmhpprcref&docsetTarget=tmhpprcref_hptmine_toc.htm&locale=en
SAS Text Miner High-Performance Procedures,HPTMSCORE,HPTMSCORE,https://documentation.sas.com/?cdcId=pgmsascdc&cdcVersion=9.4_3.5&docsetId=tmhpprcref&docsetTarget=tmhpprcref_hptmscore_toc.htm&locale=en
SAS Visual Data Mining and Machine Learning,ASTORE,ASTORE,https://documentation.sas.com/?cdcId=pgmsascdc&cdcVersion=9.4_3.5&docsetId=casml&docsetTarget=casml_astore_toc.htm&locale=en
SAS Visual Data Mining and Machine Learning,BNET,BNET,https://documentation.sas.com/?cdcId=pgmsascdc&cdcVersion=9.4_3.5&docsetId=casml&docsetTarget=casml_bnet_toc.htm&locale=en
SAS Visual Data Mining and Machine Learning,BOOLRULE,BOOLRULE,https://documentation.sas.com/?cdcId=pgmsascdc&cdcVersion=9.4_3.5&docsetId=casml&docsetTarget=casml_boolrule_toc.htm&locale=en
SAS Visual Data Mining and Machine Learning,FACTMAC,FACTMAC,https://documentation.sas.com/?cdcId=pgmsascdc&cdcVersion=9.4_3.5&docsetId=casml&docsetTarget=casml_factmac_toc.htm&locale=en
SAS Visual Data Mining and Machine Learning,FASTKNN,FASTKNN,https://documentation.sas.com/?cdcId=pgmsascdc&cdcVersion=9.4_3.5&docsetId=casml&docsetTarget=casml_fastknn_toc.htm&locale=en
SAS Visual Data Mining and Machine Learning,FISM,FISM,https://documentation.sas.com/?cdcId=pgmsascdc&cdcVersion=9.4_3.5&docsetId=casml&docsetTarget=casml_fism_toc.htm&locale=en
SAS Visual Data Mining and Machine Learning,FOREST,FOREST,https://documentation.sas.com/?cdcId=pgmsascdc&cdcVersion=9.4_3.5&docsetId=casml&docsetTarget=casml_forest_toc.htm&locale=en
SAS Visual Data Mining and Machine Learning,GMM,GMM,https://documentation.sas.com/?cdcId=pgmsascdc&cdcVersion=9.4_3.5&docsetId=casml&docsetTarget=casml_gmm_toc.htm&locale=en
SAS Visual Data Mining and Machine Learning,GRADBOOST,GRADBOOST,https://documentation.sas.com/?cdcId=pgmsascdc&cdcVersion=9.4_3.5&docsetId=casml&docsetTarget=casml_gradboost_toc.htm&locale=en
SAS Visual Data Mining and Machine Learning,GVARCLUS,GVARCLUS,https://documentation.sas.com/?cdcId=pgmsascdc&cdcVersion=9.4_3.5&docsetId=casml&docsetTarget=casml_gvarclus_toc.htm&locale=en
SAS Visual Data Mining and Machine Learning,KPCA,KPCA,https://documentation.sas.com/?cdcId=pgmsascdc&cdcVersion=9.4_3.5&docsetId=casml&docsetTarget=casml_kpca_toc.htm&locale=en
SAS Visual Data Mining and Machine Learning,MBANALYSIS,MBANALYSIS,https://documentation.sas.com/?cdcId=pgmsascdc&cdcVersion=9.4_3.5&docsetId=casml&docsetTarget=casml_mbanalysis_toc.htm&locale=en
SAS Visual Data Mining and Machine Learning,MTLEARN,MTLEARN,https://documentation.sas.com/?cdcId=pgmsascdc&cdcVersion=9.4_3.5&docsetId=casml&docsetTarget=casml_mtlearn_toc.htm&locale=en
SAS Visual Data Mining and Machine Learning,MWPCA,MWPCA,https://documentation.sas.com/?cdcId=pgmsascdc&cdcVersion=9.4_3.5&docsetId=casml&docsetTarget=casml_mwpca_toc.htm&locale=en
SAS Visual Data Mining and Machine Learning,NETWORK,NETWORK,https://documentation.sas.com/?cdcId=pgmsascdc&cdcVersion=9.4_3.5&docsetId=casmlnetwork&docsetTarget=casmlnetwork_network_toc.htm&locale=en
SAS Visual Data Mining and Machine Learning,NNET,NNET,https://documentation.sas.com/?cdcId=pgmsascdc&cdcVersion=9.4_3.5&docsetId=casml&docsetTarget=casml_nnet_toc.htm&locale=en
SAS Visual Data Mining and Machine Learning,RPCA,RPCA,https://documentation.sas.com/?cdcId=pgmsascdc&cdcVersion=9.4_3.5&docsetId=casml&docsetTarget=casml_rpca_toc.htm&locale=en
SAS Visual Data Mining and Machine Learning,SEMISUPLEARN,SEMISUPLEARN,https://documentation.sas.com/?cdcId=pgmsascdc&cdcVersion=9.4_3.5&docsetId=casml&docsetTarget=casml_semisuplearn_toc.htm&locale=en
SAS Visual Data Mining and Machine Learning,SPARSEML,SPARSEML,https://documentation.sas.com/?cdcId=pgmsascdc&cdcVersion=9.4_3.5&docsetId=casml&docsetTarget=casml_sparseml_toc.htm&locale=en
SAS Visual Data Mining and Machine Learning,SVDD,SVDD,https://documentation.sas.com/?cdcId=pgmsascdc&cdcVersion=9.4_3.5&docsetId=casml&docsetTarget=casml_svdd_toc.htm&locale=en
SAS Visual Data Mining and Machine Learning,SVMACHINE,SVMACHINE,https://documentation.sas.com/?cdcId=pgmsascdc&cdcVersion=9.4_3.5&docsetId=casml&docsetTarget=casml_svmachine_toc.htm&locale=en
SAS Visual Data Mining and Machine Learning,TEXTMINE,TEXTMINE,https://documentation.sas.com/?cdcId=pgmsascdc&cdcVersion=9.4_3.5&docsetId=casml&docsetTarget=casml_textmine_toc.htm&locale=en
SAS Visual Data Mining and Machine Learning,TMSCORE,TMSCORE,https://documentation.sas.com/?cdcId=pgmsascdc&cdcVersion=9.4_3.5&docsetId=casml&docsetTarget=casml_tmscore_toc.htm&locale=en
SAS Visual Data Mining and Machine Learning,TSNE,TSNE,https://documentation.sas.com/?cdcId=pgmsascdc&cdcVersion=9.4_3.5&docsetId=casml&docsetTarget=casml_tsne_toc.htm&locale=en
SAS Visual Forecasting,DFIL,DFIL,https://documentation.sas.com/?cdcId=pgmsascdc&cdcVersion=9.4_3.5&docsetId=casforecast&docsetTarget=casforecast_dfil_toc.htm&locale=en
SAS Visual Forecasting,SMCALIB,SMCALIB,https://documentation.sas.com/?cdcId=pgmsascdc&cdcVersion=9.4_3.5&docsetId=casforecast&docsetTarget=casforecast_smcalib_toc.htm&locale=en
SAS Visual Forecasting,SMPROJECT,SMPROJECT,https://documentation.sas.com/?cdcId=pgmsascdc&cdcVersion=9.4_3.5&docsetId=casforecast&docsetTarget=casforecast_smproject_toc.htm&locale=en
SAS Visual Forecasting,SMSCORE,SMSCORE,https://documentation.sas.com/?cdcId=pgmsascdc&cdcVersion=9.4_3.5&docsetId=casforecast&docsetTarget=casforecast_smscore_toc.htm&locale=en
SAS Visual Forecasting,SMSELECT,SMSELECT,https://documentation.sas.com/?cdcId=pgmsascdc&cdcVersion=9.4_3.5&docsetId=casforecast&docsetTarget=casforecast_smselect_toc.htm&locale=en
SAS Visual Forecasting,SMSPEC,SMSPEC,https://documentation.sas.com/?cdcId=pgmsascdc&cdcVersion=9.4_3.5&docsetId=casforecast&docsetTarget=casforecast_smspec_toc.htm&locale=en
SAS Visual Forecasting,TSINFO,TSINFO,https://documentation.sas.com/?cdcId=pgmsascdc&cdcVersion=9.4_3.5&docsetId=casforecast&docsetTarget=casforecast_tsinfo_toc.htm&locale=en
SAS Visual Forecasting,TSMODEL,TSMODEL,https://documentation.sas.com/?cdcId=pgmsascdc&cdcVersion=9.4_3.5&docsetId=casforecast&docsetTarget=casforecast_tsmodel_toc.htm&locale=en
SAS Visual Forecasting,TSRECONCILE,TSRECONCILE,https://documentation.sas.com/?cdcId=pgmsascdc&cdcVersion=9.4_3.5&docsetId=casforecast&docsetTarget=casforecast_tsreconcile_toc.htm&locale=en
SAS Visual Statistics,ASSESS,ASSESS,https://documentation.sas.com/?cdcId=pgmsascdc&cdcVersion=9.4_3.5&docsetId=casstat&docsetTarget=casstat_assess_toc.htm&locale=en
SAS Visual Statistics,BINNING,BINNING,https://documentation.sas.com/?cdcId=pgmsascdc&cdcVersion=9.4_3.5&docsetId=casstat&docsetTarget=casstat_binning_toc.htm&locale=en
SAS Visual Statistics,CARDINALITY,CARDINALITY,https://documentation.sas.com/?cdcId=pgmsascdc&cdcVersion=9.4_3.5&docsetId=casstat&docsetTarget=casstat_cardinality_toc.htm&locale=en
SAS Visual Statistics,CORRELATION,CORRELATION,https://documentation.sas.com/?cdcId=pgmsascdc&cdcVersion=9.4_3.5&docsetId=casstat&docsetTarget=casstat_corr_toc.htm&locale=en
SAS Visual Statistics,FREQTAB,FREQTAB,https://documentation.sas.com/?cdcId=pgmsascdc&cdcVersion=9.4_3.5&docsetId=casstat&docsetTarget=casstat_freqtab_toc.htm&locale=en
SAS Visual Statistics,GAMMOD,GAMMOD,https://documentation.sas.com/?cdcId=pgmsascdc&cdcVersion=9.4_3.5&docsetId=casstat&docsetTarget=casstat_gammod_toc.htm&locale=en
SAS Visual Statistics,GAMSELECT,GAMSELECT,https://documentation.sas.com/?cdcId=pgmsascdc&cdcVersion=9.4_3.5&docsetId=casstat&docsetTarget=casstat_gamselect_toc.htm&locale=en
SAS Visual Statistics,GENSELECT,GENSELECT,https://documentation.sas.com/?cdcId=pgmsascdc&cdcVersion=9.4_3.5&docsetId=casstat&docsetTarget=casstat_genselect_toc.htm&locale=en
SAS Visual Statistics,ICA,ICA,https://documentation.sas.com/?cdcId=pgmsascdc&cdcVersion=9.4_3.5&docsetId=casstat&docsetTarget=casstat_ica_toc.htm&locale=en
SAS Visual Statistics,KCLUS,KCLUS,https://documentation.sas.com/?cdcId=pgmsascdc&cdcVersion=9.4_3.5&docsetId=casstat&docsetTarget=casstat_kclus_toc.htm&locale=en
SAS Visual Statistics,LMIXED,LMIXED,https://documentation.sas.com/?cdcId=pgmsascdc&cdcVersion=9.4_3.5&docsetId=casstat&docsetTarget=casstat_lmixed_toc.htm&locale=en
SAS Visual Statistics,LOGSELECT,LOGSELECT,https://documentation.sas.com/?cdcId=pgmsascdc&cdcVersion=9.4_3.5&docsetId=casstat&docsetTarget=casstat_logselect_toc.htm&locale=en
SAS Visual Statistics,MBC,MBC,https://documentation.sas.com/?cdcId=pgmsascdc&cdcVersion=9.4_3.5&docsetId=casstat&docsetTarget=casstat_mbc_toc.htm&locale=en
SAS Visual Statistics,MODELMATRIX,MODELMATRIX,https://documentation.sas.com/?cdcId=pgmsascdc&cdcVersion=9.4_3.5&docsetId=casstat&docsetTarget=casstat_modelmatrix_toc.htm&locale=en
SAS Visual Statistics,NLMOD,NLMOD,https://documentation.sas.com/?cdcId=pgmsascdc&cdcVersion=9.4_3.5&docsetId=casstat&docsetTarget=casstat_nlmod_toc.htm&locale=en
SAS Visual Statistics,NMF,NMF,https://documentation.sas.com/?cdcId=pgmsascdc&cdcVersion=9.4_3.5&docsetId=casstat&docsetTarget=casstat_nmf_toc.htm&locale=en
SAS Visual Statistics,PARTITION,PARTITION,https://documentation.sas.com/?cdcId=pgmsascdc&cdcVersion=9.4_3.5&docsetId=casstat&docsetTarget=casstat_partition_toc.htm&locale=en
SAS Visual Statistics,PCA,PCA,https://documentation.sas.com/?cdcId=pgmsascdc&cdcVersion=9.4_3.5&docsetId=casstat&docsetTarget=casstat_pca_toc.htm&locale=en
SAS Visual Statistics,PHSELECT,PHSELECT,https://documentation.sas.com/?cdcId=pgmsascdc&cdcVersion=9.4_3.5&docsetId=casstat&docsetTarget=casstat_phselect_toc.htm&locale=en
SAS Visual Statistics,PLSMOD,PLSMOD,https://documentation.sas.com/?cdcId=pgmsascdc&cdcVersion=9.4_3.5&docsetId=casstat&docsetTarget=casstat_plsmod_toc.htm&locale=en
SAS Visual Statistics,QTRSELECT,QTRSELECT,https://documentation.sas.com/?cdcId=pgmsascdc&cdcVersion=9.4_3.5&docsetId=casstat&docsetTarget=casstat_qtrselect_toc.htm&locale=en
SAS Visual Statistics,REGSELECT,REGSELECT,https://documentation.sas.com/?cdcId=pgmsascdc&cdcVersion=9.4_3.5&docsetId=casstat&docsetTarget=casstat_regselect_toc.htm&locale=en
SAS Visual Statistics,SANDWICH,SANDWICH,https://documentation.sas.com/?cdcId=pgmsascdc&cdcVersion=9.4_3.5&docsetId=casstat&docsetTarget=casstat_sandwich_toc.htm&locale=en
SAS Visual Statistics,SIMSYSTEM,SIMSYSTEM,https://documentation.sas.com/?cdcId=pgmsascdc&cdcVersion=9.4_3.5&docsetId=casstat&docsetTarget=casstat_simsystem_toc.htm&locale=en
SAS Visual Statistics,SPC,SPC,https://documentation.sas.com/?cdcId=pgmsascdc&cdcVersion=9.4_3.5&docsetId=casstat&docsetTarget=casstat_spc_toc.htm&locale=en
SAS Visual Statistics,TREESPLIT,TREESPLIT,https://documentation.sas.com/?cdcId=pgmsascdc&cdcVersion=9.4_3.5&docsetId=casstat&docsetTarget=casstat_treesplit_toc.htm&locale=en
SAS Visual Statistics,VARIMPUTE,VARIMPUTE,https://documentation.sas.com/?cdcId=pgmsascdc&cdcVersion=9.4_3.5&docsetId=casstat&docsetTarget=casstat_varimpute_toc.htm&locale=en
SAS Visual Statistics,VARREDUCE,VARREDUCE,https://documentation.sas.com/?cdcId=pgmsascdc&cdcVersion=9.4_3.5&docsetId=casstat&docsetTarget=casstat_varreduce_toc.htm&locale=en
SAS Visual Text Analytics,BOOLRULE,BOOLRULE,https://documentation.sas.com/?cdcId=pgmsascdc&cdcVersion=9.4_3.5&docsetId=casvta&docsetTarget=casvta_boolrule_toc.htm&locale=en
SAS Visual Text Analytics,TEXTMINE,TEXTMINE,https://documentation.sas.com/?cdcId=pgmsascdc&cdcVersion=9.4_3.5&docsetId=casvta&docsetTarget=casvta_textmine_toc.htm&locale=en
SAS Visual Text Analytics,TMSCORE,TMSCORE,https://documentation.sas.com/?cdcId=pgmsascdc&cdcVersion=9.4_3.5&docsetId=casvta&docsetTarget=casvta_tmscore_toc.htm&locale=en
